cohort_week,eligible_users,cohort_age,retained_users,retention
2024-01-01,14,0,14,1.0
2024-01-01,14,1,2,0.14285714285714285
2024-01-01,14,2,3,0.21428571428571427
2024-01-01,14,3,1,0.07142857142857142
2024-01-01,14,4,4,0.2857142857142857
2024-01-01,14,5,1,0.07142857142857142
2024-01-01,14,6,1,0.07142857142857142
2024-01-01,14,7,1,0.07142857142857142
2024-01-01,14,8,1,0.07142857142857142
2024-01-01,14,9,2,0.14285714285714285
2024-01-01,14,10,4,0.2857142857142857
2024-01-01,14,11,4,0.2857142857142857
2024-01-01,14,12,1,0.07142857142857142
2024-01-01,14,13,1,0.07142857142857142
2024-01-01,14,14,1,0.07142857142857142
2024-01-01,14,15,4,0.2857142857142857
2024-01-01,14,16,3,0.21428571428571427
2024-01-01,14,17,0,0.0
2024-01-01,14,18,3,0.21428571428571427
2024-01-01,14,19,0,0.0
2024-01-01,14,20,2,0.14285714285714285
2024-01-01,14,21,4,0.2857142857142857
2024-01-01,14,22,0,0.0
2024-01-01,14,23,3,0.21428571428571427
2024-01-01,14,24,2,0.14285714285714285
2024-01-01,14,25,1,0.07142857142857142
2024-01-01,14,26,1,0.07142857142857142
2024-01-01,14,27,1,0.07142857142857142
2024-01-01,14,28,1,0.07142857142857142
2024-01-01,14,29,1,0.07142857142857142
2024-01-01,14,30,3,0.21428571428571427
2024-01-01,14,31,1,0.07142857142857142
2024-01-01,14,32,1,0.07142857142857142
2024-01-01,14,33,1,0.07142857142857142
2024-01-01,14,34,1,0.07142857142857142
2024-01-01,14,35,2,0.14285714285714285
2024-01-01,14,36,2,0.14285714285714285
2024-01-01,14,37,0,0.0
2024-01-01,14,38,1,0.07142857142857142
2024-01-01,14,39,1,0.07142857142857142
2024-01-01,14,40,1,0.07142857142857142
2024-01-01,14,41,4,0.2857142857142857
2024-01-01,14,42,0,0.0
2024-01-01,14,43,0,0.0
2024-01-01,14,44,0,0.0
2024-01-01,14,45,0,0.0
2024-01-01,14,46,0,0.0
2024-01-01,14,47,1,0.07142857142857142
2024-01-01,14,48,0,0.0
2024-01-01,14,49,0,0.0
2024-01-01,14,50,2,0.14285714285714285
2024-01-01,14,51,0,0.0
2024-01-01,14,52,1,0.07142857142857142
2024-01-01,14,53,0,0.0
2024-01-01,14,54,0,0.0
2024-01-01,14,55,0,0.0
2024-01-01,14,56,0,0.0
2024-01-01,14,57,0,0.0
2024-01-01,14,58,1,0.07142857142857142
2024-01-01,14,59,0,0.0
2024-01-01,14,60,3,0.21428571428571427
2024-01-08,30,0,30,1.0
2024-01-08,30,1,8,0.26666666666666666
2024-01-08,30,2,11,0.36666666666666664
2024-01-08,30,3,5,0.16666666666666666
2024-01-08,30,4,7,0.23333333333333334
2024-01-08,30,5,8,0.26666666666666666
2024-01-08,30,6,3,0.1
2024-01-08,30,7,6,0.2
2024-01-08,30,8,6,0.2
2024-01-08,30,9,5,0.16666666666666666
2024-01-08,30,10,5,0.16666666666666666
2024-01-08,30,11,2,0.06666666666666667
2024-01-08,30,12,2,0.06666666666666667
2024-01-08,30,13,5,0.16666666666666666
2024-01-08,30,14,5,0.16666666666666666
2024-01-08,30,15,3,0.1
2024-01-08,30,16,1,0.03333333333333333
2024-01-08,30,17,5,0.16666666666666666
2024-01-08,30,18,2,0.06666666666666667
2024-01-08,30,19,1,0.03333333333333333
2024-01-08,30,20,1,0.03333333333333333
2024-01-08,30,21,1,0.03333333333333333
2024-01-08,30,22,1,0.03333333333333333
2024-01-08,30,23,1,0.03333333333333333
2024-01-08,30,24,2,0.06666666666666667
2024-01-08,30,25,2,0.06666666666666667
2024-01-08,30,26,3,0.1
2024-01-08,30,27,0,0.0
2024-01-08,30,28,2,0.06666666666666667
2024-01-08,30,29,2,0.06666666666666667
2024-01-08,30,30,1,0.03333333333333333
2024-01-08,30,31,1,0.03333333333333333
2024-01-08,30,32,2,0.06666666666666667
2024-01-08,30,33,3,0.1
2024-01-08,30,34,2,0.06666666666666667
2024-01-08,30,35,0,0.0
2024-01-08,30,36,0,0.0
2024-01-08,30,37,2,0.06666666666666667
2024-01-08,30,38,0,0.0
2024-01-08,30,39,0,0.0
2024-01-08,30,40,3,0.1
2024-01-08,30,41,1,0.03333333333333333
2024-01-08,30,42,2,0.06666666666666667
2024-01-08,30,43,0,0.0
2024-01-08,30,44,2,0.06666666666666667
2024-01-08,30,45,2,0.06666666666666667
2024-01-08,30,46,2,0.06666666666666667
2024-01-08,30,47,1,0.03333333333333333
2024-01-08,30,48,0,0.0
2024-01-08,30,49,0,0.0
2024-01-08,30,50,0,0.0
2024-01-08,30,51,0,0.0
2024-01-08,30,52,0,0.0
2024-01-08,30,53,1,0.03333333333333333
2024-01-08,30,54,0,0.0
2024-01-08,30,55,0,0.0
2024-01-08,30,56,1,0.03333333333333333
2024-01-08,30,57,2,0.06666666666666667
2024-01-08,30,58,0,0.0
2024-01-08,30,59,1,0.03333333333333333
2024-01-08,30,60,0,0.0
2024-01-15,59,0,59,1.0
2024-01-15,59,1,7,0.11864406779661017
2024-01-15,59,2,14,0.23728813559322035
2024-01-15,59,3,10,0.1694915254237288
2024-01-15,59,4,7,0.11864406779661017
2024-01-15,59,5,11,0.1864406779661017
2024-01-15,59,6,12,0.2033898305084746
2024-01-15,59,7,13,0.22033898305084745
2024-01-15,59,8,15,0.2542372881355932
2024-01-15,59,9,8,0.13559322033898305
2024-01-15,59,10,9,0.15254237288135594
2024-01-15,59,11,9,0.15254237288135594
2024-01-15,59,12,10,0.1694915254237288
2024-01-15,59,13,11,0.1864406779661017
2024-01-15,59,14,8,0.13559322033898305
2024-01-15,59,15,3,0.05084745762711865
2024-01-15,59,16,12,0.2033898305084746
2024-01-15,59,17,7,0.11864406779661017
2024-01-15,59,18,6,0.1016949152542373
2024-01-15,59,19,7,0.11864406779661017
2024-01-15,59,20,9,0.15254237288135594
2024-01-15,59,21,6,0.1016949152542373
2024-01-15,59,22,6,0.1016949152542373
2024-01-15,59,23,8,0.13559322033898305
2024-01-15,59,24,6,0.1016949152542373
2024-01-15,59,25,7,0.11864406779661017
2024-01-15,59,26,2,0.03389830508474576
2024-01-15,59,27,3,0.05084745762711865
2024-01-15,59,28,8,0.13559322033898305
2024-01-15,59,29,7,0.11864406779661017
2024-01-15,59,30,5,0.0847457627118644
2024-01-15,59,31,5,0.0847457627118644
2024-01-15,59,32,10,0.1694915254237288
2024-01-15,59,33,6,0.1016949152542373
2024-01-15,59,34,2,0.03389830508474576
2024-01-15,59,35,4,0.06779661016949153
2024-01-15,59,36,6,0.1016949152542373
2024-01-15,59,37,7,0.11864406779661017
2024-01-15,59,38,8,0.13559322033898305
2024-01-15,59,39,2,0.03389830508474576
2024-01-15,59,40,8,0.13559322033898305
2024-01-15,59,41,2,0.03389830508474576
2024-01-15,59,42,4,0.06779661016949153
2024-01-15,59,43,5,0.0847457627118644
2024-01-15,59,44,5,0.0847457627118644
2024-01-15,59,45,4,0.06779661016949153
2024-01-15,59,46,2,0.03389830508474576
2024-01-15,59,47,6,0.1016949152542373
2024-01-15,59,48,2,0.03389830508474576
2024-01-15,59,49,1,0.01694915254237288
2024-01-15,59,50,7,0.11864406779661017
2024-01-15,59,51,5,0.0847457627118644
2024-01-15,59,52,4,0.06779661016949153
2024-01-15,59,53,6,0.1016949152542373
2024-01-15,59,54,2,0.03389830508474576
2024-01-15,59,55,5,0.0847457627118644
2024-01-15,59,56,1,0.01694915254237288
2024-01-15,59,57,2,0.03389830508474576
2024-01-15,59,58,3,0.05084745762711865
2024-01-15,59,59,4,0.06779661016949153
2024-01-15,59,60,2,0.03389830508474576
2024-01-22,70,0,70,1.0
2024-01-22,70,1,12,0.17142857142857143
2024-01-22,70,2,12,0.17142857142857143
2024-01-22,70,3,14,0.2
2024-01-22,70,4,13,0.18571428571428572
2024-01-22,70,5,15,0.21428571428571427
2024-01-22,70,6,12,0.17142857142857143
2024-01-22,70,7,8,0.11428571428571428
2024-01-22,70,8,16,0.22857142857142856
2024-01-22,70,9,13,0.18571428571428572
2024-01-22,70,10,7,0.1
2024-01-22,70,11,13,0.18571428571428572
2024-01-22,70,12,7,0.1
2024-01-22,70,13,7,0.1
2024-01-22,70,14,13,0.18571428571428572
2024-01-22,70,15,6,0.08571428571428572
2024-01-22,70,16,10,0.14285714285714285
2024-01-22,70,17,5,0.07142857142857142
2024-01-22,70,18,6,0.08571428571428572
2024-01-22,70,19,9,0.12857142857142856
2024-01-22,70,20,6,0.08571428571428572
2024-01-22,70,21,11,0.15714285714285714
2024-01-22,70,22,5,0.07142857142857142
2024-01-22,70,23,5,0.07142857142857142
2024-01-22,70,24,7,0.1
2024-01-22,70,25,2,0.02857142857142857
2024-01-22,70,26,5,0.07142857142857142
2024-01-22,70,27,4,0.05714285714285714
2024-01-22,70,28,5,0.07142857142857142
2024-01-22,70,29,7,0.1
2024-01-22,70,30,4,0.05714285714285714
2024-01-22,70,31,8,0.11428571428571428
2024-01-22,70,32,5,0.07142857142857142
2024-01-22,70,33,7,0.1
2024-01-22,70,34,6,0.08571428571428572
2024-01-22,70,35,8,0.11428571428571428
2024-01-22,70,36,6,0.08571428571428572
2024-01-22,70,37,6,0.08571428571428572
2024-01-22,70,38,5,0.07142857142857142
2024-01-22,70,39,6,0.08571428571428572
2024-01-22,70,40,0,0.0
2024-01-22,70,41,7,0.1
2024-01-22,70,42,3,0.04285714285714286
2024-01-22,70,43,4,0.05714285714285714
2024-01-22,70,44,2,0.02857142857142857
2024-01-22,70,45,2,0.02857142857142857
2024-01-22,70,46,3,0.04285714285714286
2024-01-22,70,47,0,0.0
2024-01-22,70,48,2,0.02857142857142857
2024-01-22,70,49,1,0.014285714285714285
2024-01-22,70,50,4,0.05714285714285714
2024-01-22,70,51,3,0.04285714285714286
2024-01-22,70,52,2,0.02857142857142857
2024-01-22,70,53,2,0.02857142857142857
2024-01-22,70,54,1,0.014285714285714285
2024-01-22,70,55,1,0.014285714285714285
2024-01-22,70,56,1,0.014285714285714285
2024-01-22,70,57,1,0.014285714285714285
2024-01-22,70,58,1,0.014285714285714285
2024-01-22,70,59,1,0.014285714285714285
2024-01-22,70,60,2,0.02857142857142857
2024-01-29,89,0,89,1.0
2024-01-29,89,1,18,0.20224719101123595
2024-01-29,89,2,17,0.19101123595505617
2024-01-29,89,3,19,0.21348314606741572
2024-01-29,89,4,21,0.23595505617977527
2024-01-29,89,5,15,0.16853932584269662
2024-01-29,89,6,12,0.1348314606741573
2024-01-29,89,7,10,0.11235955056179775
2024-01-29,89,8,14,0.15730337078651685
2024-01-29,89,9,11,0.12359550561797752
2024-01-29,89,10,13,0.14606741573033707
2024-01-29,89,11,10,0.11235955056179775
2024-01-29,89,12,12,0.1348314606741573
2024-01-29,89,13,13,0.14606741573033707
2024-01-29,89,14,10,0.11235955056179775
2024-01-29,89,15,17,0.19101123595505617
2024-01-29,89,16,10,0.11235955056179775
2024-01-29,89,17,10,0.11235955056179775
2024-01-29,89,18,11,0.12359550561797752
2024-01-29,89,19,8,0.0898876404494382
2024-01-29,89,20,4,0.0449438202247191
2024-01-29,89,21,7,0.07865168539325842
2024-01-29,89,22,9,0.10112359550561797
2024-01-29,89,23,10,0.11235955056179775
2024-01-29,89,24,10,0.11235955056179775
2024-01-29,89,25,5,0.056179775280898875
2024-01-29,89,26,5,0.056179775280898875
2024-01-29,89,27,5,0.056179775280898875
2024-01-29,89,28,4,0.0449438202247191
2024-01-29,89,29,4,0.0449438202247191
2024-01-29,89,30,2,0.02247191011235955
2024-01-29,89,31,4,0.0449438202247191
2024-01-29,89,32,3,0.033707865168539325
2024-01-29,89,33,4,0.0449438202247191
2024-01-29,89,34,7,0.07865168539325842
2024-01-29,89,35,4,0.0449438202247191
2024-01-29,89,36,5,0.056179775280898875
2024-01-29,89,37,5,0.056179775280898875
2024-01-29,89,38,7,0.07865168539325842
2024-01-29,89,39,5,0.056179775280898875
2024-01-29,89,40,4,0.0449438202247191
2024-01-29,89,41,10,0.11235955056179775
2024-01-29,89,42,1,0.011235955056179775
2024-01-29,89,43,2,0.02247191011235955
2024-01-29,89,44,3,0.033707865168539325
2024-01-29,89,45,0,0.0
2024-01-29,89,46,6,0.06741573033707865
2024-01-29,89,47,3,0.033707865168539325
2024-01-29,89,48,5,0.056179775280898875
2024-01-29,89,49,4,0.0449438202247191
2024-01-29,89,50,5,0.056179775280898875
2024-01-29,89,51,3,0.033707865168539325
2024-01-29,89,52,3,0.033707865168539325
2024-01-29,89,53,3,0.033707865168539325
2024-01-29,89,54,2,0.02247191011235955
2024-01-29,89,55,1,0.011235955056179775
2024-01-29,89,56,4,0.0449438202247191
2024-01-29,89,57,5,0.056179775280898875
2024-01-29,89,58,4,0.0449438202247191
2024-01-29,89,59,5,0.056179775280898875
2024-01-29,89,60,2,0.02247191011235955
2024-02-05,66,0,66,1.0
2024-02-05,66,1,10,0.15151515151515152
2024-02-05,66,2,15,0.22727272727272727
2024-02-05,66,3,7,0.10606060606060606
2024-02-05,66,4,15,0.22727272727272727
2024-02-05,66,5,13,0.19696969696969696
2024-02-05,66,6,13,0.19696969696969696
2024-02-05,66,7,13,0.19696969696969696
2024-02-05,66,8,7,0.10606060606060606
2024-02-05,66,9,11,0.16666666666666666
2024-02-05,66,10,11,0.16666666666666666
2024-02-05,66,11,11,0.16666666666666666
2024-02-05,66,12,13,0.19696969696969696
2024-02-05,66,13,12,0.18181818181818182
2024-02-05,66,14,13,0.19696969696969696
2024-02-05,66,15,10,0.15151515151515152
2024-02-05,66,16,6,0.09090909090909091
2024-02-05,66,17,7,0.10606060606060606
2024-02-05,66,18,6,0.09090909090909091
2024-02-05,66,19,7,0.10606060606060606
2024-02-05,66,20,8,0.12121212121212122
2024-02-05,66,21,5,0.07575757575757576
2024-02-05,66,22,9,0.13636363636363635
2024-02-05,66,23,8,0.12121212121212122
2024-02-05,66,24,4,0.06060606060606061
2024-02-05,66,25,5,0.07575757575757576
2024-02-05,66,26,9,0.13636363636363635
2024-02-05,66,27,2,0.030303030303030304
2024-02-05,66,28,7,0.10606060606060606
2024-02-05,66,29,5,0.07575757575757576
2024-02-05,66,30,10,0.15151515151515152
2024-02-05,66,31,6,0.09090909090909091
2024-02-05,66,32,3,0.045454545454545456
2024-02-05,66,33,5,0.07575757575757576
2024-02-05,66,34,3,0.045454545454545456
2024-02-05,66,35,5,0.07575757575757576
2024-02-05,66,36,3,0.045454545454545456
2024-02-05,66,37,3,0.045454545454545456
2024-02-05,66,38,6,0.09090909090909091
2024-02-05,66,39,3,0.045454545454545456
2024-02-05,66,40,4,0.06060606060606061
2024-02-05,66,41,3,0.045454545454545456
2024-02-05,66,42,3,0.045454545454545456
2024-02-05,66,43,5,0.07575757575757576
2024-02-05,66,44,4,0.06060606060606061
2024-02-05,66,45,4,0.06060606060606061
2024-02-05,66,46,4,0.06060606060606061
2024-02-05,66,47,3,0.045454545454545456
2024-02-05,66,48,4,0.06060606060606061
2024-02-05,66,49,1,0.015151515151515152
2024-02-05,66,50,2,0.030303030303030304
2024-02-05,66,51,2,0.030303030303030304
2024-02-05,66,52,3,0.045454545454545456
2024-02-05,66,53,3,0.045454545454545456
2024-02-05,66,54,2,0.030303030303030304
2024-02-05,66,55,1,0.015151515151515152
2024-02-05,66,56,3,0.045454545454545456
2024-02-05,66,57,2,0.030303030303030304
2024-02-05,66,58,5,0.07575757575757576
2024-02-05,66,59,5,0.07575757575757576
2024-02-05,66,60,1,0.015151515151515152
2024-02-12,73,0,73,1.0
2024-02-12,73,1,15,0.2054794520547945
2024-02-12,73,2,17,0.2328767123287671
2024-02-12,73,3,17,0.2328767123287671
2024-02-12,73,4,15,0.2054794520547945
2024-02-12,73,5,11,0.1506849315068493
2024-02-12,73,6,13,0.1780821917808219
2024-02-12,73,7,12,0.1643835616438356
2024-02-12,73,8,12,0.1643835616438356
2024-02-12,73,9,12,0.1643835616438356
2024-02-12,73,10,12,0.1643835616438356
2024-02-12,73,11,8,0.1095890410958904
2024-02-12,73,12,7,0.0958904109589041
2024-02-12,73,13,14,0.1917808219178082
2024-02-12,73,14,10,0.136986301369863
2024-02-12,73,15,15,0.2054794520547945
2024-02-12,73,16,11,0.1506849315068493
2024-02-12,73,17,10,0.136986301369863
2024-02-12,73,18,8,0.1095890410958904
2024-02-12,73,19,10,0.136986301369863
2024-02-12,73,20,7,0.0958904109589041
2024-02-12,73,21,8,0.1095890410958904
2024-02-12,73,22,6,0.0821917808219178
2024-02-12,73,23,6,0.0821917808219178
2024-02-12,73,24,8,0.1095890410958904
2024-02-12,73,25,5,0.0684931506849315
2024-02-12,73,26,6,0.0821917808219178
2024-02-12,73,27,9,0.1232876712328767
2024-02-12,73,28,5,0.0684931506849315
2024-02-12,73,29,3,0.0410958904109589
2024-02-12,73,30,3,0.0410958904109589
2024-02-12,73,31,5,0.0684931506849315
2024-02-12,73,32,7,0.0958904109589041
2024-02-12,73,33,4,0.0547945205479452
2024-02-12,73,34,10,0.136986301369863
2024-02-12,73,35,6,0.0821917808219178
2024-02-12,73,36,9,0.1232876712328767
2024-02-12,73,37,3,0.0410958904109589
2024-02-12,73,38,2,0.0273972602739726
2024-02-12,73,39,7,0.0958904109589041
2024-02-12,73,40,2,0.0273972602739726
2024-02-12,73,41,3,0.0410958904109589
2024-02-12,73,42,6,0.0821917808219178
2024-02-12,73,43,5,0.0684931506849315
2024-02-12,73,44,2,0.0273972602739726
2024-02-12,73,45,3,0.0410958904109589
2024-02-12,73,46,3,0.0410958904109589
2024-02-12,73,47,5,0.0684931506849315
2024-02-12,73,48,5,0.0684931506849315
2024-02-12,73,49,4,0.0547945205479452
2024-02-12,73,50,1,0.0136986301369863
2024-02-12,73,51,3,0.0410958904109589
2024-02-12,73,52,4,0.0547945205479452
2024-02-12,73,53,1,0.0136986301369863
2024-02-12,73,54,1,0.0136986301369863
2024-02-12,73,55,1,0.0136986301369863
2024-02-12,73,56,3,0.0410958904109589
2024-02-12,73,57,4,0.0547945205479452
2024-02-12,73,58,2,0.0273972602739726
2024-02-12,73,59,2,0.0273972602739726
2024-02-12,73,60,0,0.0
2024-02-19,75,0,75,1.0
2024-02-19,75,1,22,0.29333333333333333
2024-02-19,75,2,14,0.18666666666666668
2024-02-19,75,3,14,0.18666666666666668
2024-02-19,75,4,14,0.18666666666666668
2024-02-19,75,5,14,0.18666666666666668
2024-02-19,75,6,12,0.16
2024-02-19,75,7,18,0.24
2024-02-19,75,8,9,0.12
2024-02-19,75,9,12,0.16
2024-02-19,75,10,15,0.2
2024-02-19,75,11,7,0.09333333333333334
2024-02-19,75,12,14,0.18666666666666668
2024-02-19,75,13,9,0.12
2024-02-19,75,14,12,0.16
2024-02-19,75,15,5,0.06666666666666667
2024-02-19,75,16,6,0.08
2024-02-19,75,17,6,0.08
2024-02-19,75,18,7,0.09333333333333334
2024-02-19,75,19,10,0.13333333333333333
2024-02-19,75,20,7,0.09333333333333334
2024-02-19,75,21,8,0.10666666666666667
2024-02-19,75,22,6,0.08
2024-02-19,75,23,5,0.06666666666666667
2024-02-19,75,24,5,0.06666666666666667
2024-02-19,75,25,7,0.09333333333333334
2024-02-19,75,26,8,0.10666666666666667
2024-02-19,75,27,2,0.02666666666666667
2024-02-19,75,28,5,0.06666666666666667
2024-02-19,75,29,1,0.013333333333333334
2024-02-19,75,30,5,0.06666666666666667
2024-02-19,75,31,1,0.013333333333333334
2024-02-19,75,32,5,0.06666666666666667
2024-02-19,75,33,5,0.06666666666666667
2024-02-19,75,34,5,0.06666666666666667
2024-02-19,75,35,2,0.02666666666666667
2024-02-19,75,36,6,0.08
2024-02-19,75,37,2,0.02666666666666667
2024-02-19,75,38,1,0.013333333333333334
2024-02-19,75,39,2,0.02666666666666667
2024-02-19,75,40,4,0.05333333333333334
2024-02-19,75,41,2,0.02666666666666667
2024-02-19,75,42,0,0.0
2024-02-19,75,43,2,0.02666666666666667
2024-02-19,75,44,2,0.02666666666666667
2024-02-19,75,45,3,0.04
2024-02-19,75,46,4,0.05333333333333334
2024-02-19,75,47,2,0.02666666666666667
2024-02-19,75,48,2,0.02666666666666667
2024-02-19,75,49,3,0.04
2024-02-19,75,50,4,0.05333333333333334
2024-02-19,75,51,3,0.04
2024-02-19,75,52,3,0.04
2024-02-19,75,53,1,0.013333333333333334
2024-02-19,75,54,1,0.013333333333333334
2024-02-19,75,55,2,0.02666666666666667
2024-02-19,75,56,1,0.013333333333333334
2024-02-19,75,57,0,0.0
2024-02-19,75,58,0,0.0
2024-02-19,75,59,1,0.013333333333333334
2024-02-19,75,60,2,0.02666666666666667
2024-02-26,79,0,79,1.0
2024-02-26,79,1,12,0.1518987341772152
2024-02-26,79,2,19,0.24050632911392406
2024-02-26,79,3,19,0.24050632911392406
2024-02-26,79,4,12,0.1518987341772152
2024-02-26,79,5,10,0.12658227848101267
2024-02-26,79,6,17,0.21518987341772153
2024-02-26,79,7,12,0.1518987341772152
2024-02-26,79,8,9,0.11392405063291139
2024-02-26,79,9,6,0.0759493670886076
2024-02-26,79,10,8,0.10126582278481013
2024-02-26,79,11,10,0.12658227848101267
2024-02-26,79,12,10,0.12658227848101267
2024-02-26,79,13,9,0.11392405063291139
2024-02-26,79,14,10,0.12658227848101267
2024-02-26,79,15,11,0.13924050632911392
2024-02-26,79,16,5,0.06329113924050633
2024-02-26,79,17,11,0.13924050632911392
2024-02-26,79,18,9,0.11392405063291139
2024-02-26,79,19,8,0.10126582278481013
2024-02-26,79,20,6,0.0759493670886076
2024-02-26,79,21,5,0.06329113924050633
2024-02-26,79,22,8,0.10126582278481013
2024-02-26,79,23,8,0.10126582278481013
2024-02-26,79,24,7,0.08860759493670886
2024-02-26,79,25,4,0.05063291139240506
2024-02-26,79,26,6,0.0759493670886076
2024-02-26,79,27,1,0.012658227848101266
2024-02-26,79,28,5,0.06329113924050633
2024-02-26,79,29,2,0.02531645569620253
2024-02-26,79,30,2,0.02531645569620253
2024-02-26,79,31,1,0.012658227848101266
2024-02-26,79,32,6,0.0759493670886076
2024-02-26,79,33,3,0.0379746835443038
2024-02-26,79,34,1,0.012658227848101266
2024-02-26,79,35,5,0.06329113924050633
2024-02-26,79,36,8,0.10126582278481013
2024-02-26,79,37,4,0.05063291139240506
2024-02-26,79,38,3,0.0379746835443038
2024-02-26,79,39,4,0.05063291139240506
2024-02-26,79,40,2,0.02531645569620253
2024-02-26,79,41,2,0.02531645569620253
2024-02-26,79,42,3,0.0379746835443038
2024-02-26,79,43,5,0.06329113924050633
2024-02-26,79,44,1,0.012658227848101266
2024-02-26,79,45,5,0.06329113924050633
2024-02-26,79,46,2,0.02531645569620253
2024-02-26,79,47,4,0.05063291139240506
2024-02-26,79,48,4,0.05063291139240506
2024-02-26,79,49,1,0.012658227848101266
2024-02-26,79,50,1,0.012658227848101266
2024-02-26,79,51,1,0.012658227848101266
2024-02-26,79,52,2,0.02531645569620253
2024-02-26,79,53,2,0.02531645569620253
2024-02-26,79,54,2,0.02531645569620253
2024-02-26,79,55,4,0.05063291139240506
2024-02-26,79,56,0,0.0
2024-02-26,79,57,4,0.05063291139240506
2024-02-26,79,58,2,0.02531645569620253
2024-02-26,79,59,3,0.0379746835443038
2024-02-26,79,60,2,0.02531645569620253
2024-03-04,89,0,89,1.0
2024-03-04,89,1,24,0.2696629213483146
2024-03-04,89,2,21,0.23595505617977527
2024-03-04,89,3,23,0.25842696629213485
2024-03-04,89,4,19,0.21348314606741572
2024-03-04,89,5,23,0.25842696629213485
2024-03-04,89,6,17,0.19101123595505617
2024-03-04,89,7,14,0.15730337078651685
2024-03-04,89,8,12,0.1348314606741573
2024-03-04,89,9,11,0.12359550561797752
2024-03-04,89,10,16,0.1797752808988764
2024-03-04,89,11,14,0.15730337078651685
2024-03-04,89,12,11,0.12359550561797752
2024-03-04,89,13,14,0.15730337078651685
2024-03-04,89,14,11,0.12359550561797752
2024-03-04,89,15,9,0.10112359550561797
2024-03-04,89,16,12,0.1348314606741573
2024-03-04,89,17,8,0.0898876404494382
2024-03-04,89,18,7,0.07865168539325842
2024-03-04,89,19,11,0.12359550561797752
2024-03-04,89,20,15,0.16853932584269662
2024-03-04,89,21,13,0.14606741573033707
2024-03-04,89,22,7,0.07865168539325842
2024-03-04,89,23,12,0.1348314606741573
2024-03-04,89,24,8,0.0898876404494382
2024-03-04,89,25,6,0.06741573033707865
2024-03-04,89,26,8,0.0898876404494382
2024-03-04,89,27,5,0.056179775280898875
2024-03-04,89,28,12,0.1348314606741573
2024-03-04,89,29,7,0.07865168539325842
2024-03-04,89,30,5,0.056179775280898875
2024-03-04,89,31,8,0.0898876404494382
2024-03-04,89,32,10,0.11235955056179775
2024-03-04,89,33,5,0.056179775280898875
2024-03-04,89,34,5,0.056179775280898875
2024-03-04,89,35,4,0.0449438202247191
2024-03-04,89,36,5,0.056179775280898875
2024-03-04,89,37,7,0.07865168539325842
2024-03-04,89,38,6,0.06741573033707865
2024-03-04,89,39,2,0.02247191011235955
2024-03-04,89,40,5,0.056179775280898875
2024-03-04,89,41,5,0.056179775280898875
2024-03-04,89,42,5,0.056179775280898875
2024-03-04,89,43,7,0.07865168539325842
2024-03-04,89,44,3,0.033707865168539325
2024-03-04,89,45,3,0.033707865168539325
2024-03-04,89,46,2,0.02247191011235955
2024-03-04,89,47,0,0.0
2024-03-04,89,48,3,0.033707865168539325
2024-03-04,89,49,3,0.033707865168539325
2024-03-04,89,50,4,0.0449438202247191
2024-03-04,89,51,1,0.011235955056179775
2024-03-04,89,52,4,0.0449438202247191
2024-03-04,89,53,2,0.02247191011235955
2024-03-04,89,54,2,0.02247191011235955
2024-03-04,89,55,2,0.02247191011235955
2024-03-04,89,56,3,0.033707865168539325
2024-03-04,89,57,2,0.02247191011235955
2024-03-04,89,58,2,0.02247191011235955
2024-03-04,89,59,2,0.02247191011235955
2024-03-04,89,60,2,0.02247191011235955
2024-03-11,92,0,92,1.0
2024-03-11,92,1,16,0.17391304347826086
2024-03-11,92,2,17,0.18478260869565216
2024-03-11,92,3,20,0.21739130434782608
2024-03-11,92,4,20,0.21739130434782608
2024-03-11,92,5,17,0.18478260869565216
2024-03-11,92,6,14,0.15217391304347827
2024-03-11,92,7,16,0.17391304347826086
2024-03-11,92,8,16,0.17391304347826086
2024-03-11,92,9,13,0.14130434782608695
2024-03-11,92,10,14,0.15217391304347827
2024-03-11,92,11,7,0.07608695652173914
2024-03-11,92,12,8,0.08695652173913043
2024-03-11,92,13,12,0.13043478260869565
2024-03-11,92,14,9,0.09782608695652174
2024-03-11,92,15,14,0.15217391304347827
2024-03-11,92,16,10,0.10869565217391304
2024-03-11,92,17,11,0.11956521739130435
2024-03-11,92,18,9,0.09782608695652174
2024-03-11,92,19,14,0.15217391304347827
2024-03-11,92,20,9,0.09782608695652174
2024-03-11,92,21,7,0.07608695652173914
2024-03-11,92,22,10,0.10869565217391304
2024-03-11,92,23,9,0.09782608695652174
2024-03-11,92,24,7,0.07608695652173914
2024-03-11,92,25,14,0.15217391304347827
2024-03-11,92,26,7,0.07608695652173914
2024-03-11,92,27,9,0.09782608695652174
2024-03-11,92,28,9,0.09782608695652174
2024-03-11,92,29,7,0.07608695652173914
2024-03-11,92,30,6,0.06521739130434782
2024-03-11,92,31,13,0.14130434782608695
2024-03-11,92,32,9,0.09782608695652174
2024-03-11,92,33,9,0.09782608695652174
2024-03-11,92,34,5,0.05434782608695652
2024-03-11,92,35,9,0.09782608695652174
2024-03-11,92,36,6,0.06521739130434782
2024-03-11,92,37,5,0.05434782608695652
2024-03-11,92,38,11,0.11956521739130435
2024-03-11,92,39,10,0.10869565217391304
2024-03-11,92,40,3,0.03260869565217391
2024-03-11,92,41,7,0.07608695652173914
2024-03-11,92,42,7,0.07608695652173914
2024-03-11,92,43,5,0.05434782608695652
2024-03-11,92,44,8,0.08695652173913043
2024-03-11,92,45,5,0.05434782608695652
2024-03-11,92,46,4,0.043478260869565216
2024-03-11,92,47,5,0.05434782608695652
2024-03-11,92,48,5,0.05434782608695652
2024-03-11,92,49,5,0.05434782608695652
2024-03-11,92,50,9,0.09782608695652174
2024-03-11,92,51,3,0.03260869565217391
2024-03-11,92,52,6,0.06521739130434782
2024-03-11,92,53,5,0.05434782608695652
2024-03-11,92,54,6,0.06521739130434782
2024-03-11,92,55,3,0.03260869565217391
2024-03-11,92,56,2,0.021739130434782608
2024-03-11,92,57,3,0.03260869565217391
2024-03-11,92,58,3,0.03260869565217391
2024-03-11,92,59,4,0.043478260869565216
2024-03-11,92,60,3,0.03260869565217391
2024-03-18,80,0,80,1.0
2024-03-18,80,1,14,0.175
2024-03-18,80,2,17,0.2125
2024-03-18,80,3,13,0.1625
2024-03-18,80,4,14,0.175
2024-03-18,80,5,10,0.125
2024-03-18,80,6,11,0.1375
2024-03-18,80,7,15,0.1875
2024-03-18,80,8,12,0.15
2024-03-18,80,9,10,0.125
2024-03-18,80,10,13,0.1625
2024-03-18,80,11,11,0.1375
2024-03-18,80,12,10,0.125
2024-03-18,80,13,9,0.1125
2024-03-18,80,14,13,0.1625
2024-03-18,80,15,12,0.15
2024-03-18,80,16,15,0.1875
2024-03-18,80,17,8,0.1
2024-03-18,80,18,12,0.15
2024-03-18,80,19,12,0.15
2024-03-18,80,20,5,0.0625
2024-03-18,80,21,11,0.1375
2024-03-18,80,22,6,0.075
2024-03-18,80,23,6,0.075
2024-03-18,80,24,13,0.1625
2024-03-18,80,25,6,0.075
2024-03-18,80,26,1,0.0125
2024-03-18,80,27,3,0.0375
2024-03-18,80,28,5,0.0625
2024-03-18,80,29,4,0.05
2024-03-18,80,30,6,0.075
2024-03-18,80,31,4,0.05
2024-03-18,80,32,8,0.1
2024-03-18,80,33,2,0.025
2024-03-18,80,34,4,0.05
2024-03-18,80,35,6,0.075
2024-03-18,80,36,2,0.025
2024-03-18,80,37,2,0.025
2024-03-18,80,38,0,0.0
2024-03-18,80,39,5,0.0625
2024-03-18,80,40,3,0.0375
2024-03-18,80,41,7,0.0875
2024-03-18,80,42,5,0.0625
2024-03-18,80,43,4,0.05
2024-03-18,80,44,6,0.075
2024-03-18,80,45,5,0.0625
2024-03-18,80,46,2,0.025
2024-03-18,80,47,5,0.0625
2024-03-18,80,48,1,0.0125
2024-03-18,80,49,4,0.05
2024-03-18,80,50,5,0.0625
2024-03-18,80,51,1,0.0125
2024-03-18,80,52,3,0.0375
2024-03-18,80,53,3,0.0375
2024-03-18,80,54,6,0.075
2024-03-18,80,55,2,0.025
2024-03-18,80,56,2,0.025
2024-03-18,80,57,2,0.025
2024-03-18,80,58,1,0.0125
2024-03-18,80,59,0,0.0
2024-03-18,80,60,0,0.0
2024-03-25,87,0,87,1.0
2024-03-25,87,1,19,0.21839080459770116
2024-03-25,87,2,15,0.1724137931034483
2024-03-25,87,3,20,0.22988505747126436
2024-03-25,87,4,11,0.12643678160919541
2024-03-25,87,5,15,0.1724137931034483
2024-03-25,87,6,14,0.16091954022988506
2024-03-25,87,7,14,0.16091954022988506
2024-03-25,87,8,11,0.12643678160919541
2024-03-25,87,9,7,0.08045977011494253
2024-03-25,87,10,5,0.05747126436781609
2024-03-25,87,11,14,0.16091954022988506
2024-03-25,87,12,11,0.12643678160919541
2024-03-25,87,13,7,0.08045977011494253
2024-03-25,87,14,12,0.13793103448275862
2024-03-25,87,15,15,0.1724137931034483
2024-03-25,87,16,12,0.13793103448275862
2024-03-25,87,17,10,0.11494252873563218
2024-03-25,87,18,12,0.13793103448275862
2024-03-25,87,19,9,0.10344827586206896
2024-03-25,87,20,8,0.09195402298850575
2024-03-25,87,21,8,0.09195402298850575
2024-03-25,87,22,14,0.16091954022988506
2024-03-25,87,23,7,0.08045977011494253
2024-03-25,87,24,8,0.09195402298850575
2024-03-25,87,25,10,0.11494252873563218
2024-03-25,87,26,6,0.06896551724137931
2024-03-25,87,27,5,0.05747126436781609
2024-03-25,87,28,6,0.06896551724137931
2024-03-25,87,29,6,0.06896551724137931
2024-03-25,87,30,11,0.12643678160919541
2024-03-25,87,31,5,0.05747126436781609
2024-03-25,87,32,4,0.04597701149425287
2024-03-25,87,33,4,0.04597701149425287
2024-03-25,87,34,6,0.06896551724137931
2024-03-25,87,35,5,0.05747126436781609
2024-03-25,87,36,2,0.022988505747126436
2024-03-25,87,37,1,0.011494252873563218
2024-03-25,87,38,4,0.04597701149425287
2024-03-25,87,39,2,0.022988505747126436
2024-03-25,87,40,3,0.034482758620689655
2024-03-25,87,41,3,0.034482758620689655
2024-03-25,87,42,4,0.04597701149425287
2024-03-25,87,43,5,0.05747126436781609
2024-03-25,87,44,4,0.04597701149425287
2024-03-25,87,45,2,0.022988505747126436
2024-03-25,87,46,2,0.022988505747126436
2024-03-25,87,47,3,0.034482758620689655
2024-03-25,87,48,4,0.04597701149425287
2024-03-25,87,49,5,0.05747126436781609
2024-03-25,87,50,3,0.034482758620689655
2024-03-25,87,51,4,0.04597701149425287
2024-03-25,87,52,5,0.05747126436781609
2024-03-25,87,53,2,0.022988505747126436
2024-03-25,87,54,1,0.011494252873563218
2024-03-25,87,55,2,0.022988505747126436
2024-03-25,87,56,2,0.022988505747126436
2024-03-25,87,57,3,0.034482758620689655
2024-03-25,87,58,5,0.05747126436781609
2024-03-25,87,59,4,0.04597701149425287
2024-03-25,87,60,3,0.034482758620689655
2024-04-01,78,0,78,1.0
2024-04-01,78,1,22,0.28205128205128205
2024-04-01,78,2,15,0.19230769230769232
2024-04-01,78,3,20,0.2564102564102564
2024-04-01,78,4,14,0.1794871794871795
2024-04-01,78,5,16,0.20512820512820512
2024-04-01,78,6,11,0.14102564102564102
2024-04-01,78,7,9,0.11538461538461539
2024-04-01,78,8,10,0.1282051282051282
2024-04-01,78,9,11,0.14102564102564102
2024-04-01,78,10,10,0.1282051282051282
2024-04-01,78,11,15,0.19230769230769232
2024-04-01,78,12,9,0.11538461538461539
2024-04-01,78,13,9,0.11538461538461539
2024-04-01,78,14,8,0.10256410256410256
2024-04-01,78,15,11,0.14102564102564102
2024-04-01,78,16,12,0.15384615384615385
2024-04-01,78,17,6,0.07692307692307693
2024-04-01,78,18,3,0.038461538461538464
2024-04-01,78,19,7,0.08974358974358974
2024-04-01,78,20,6,0.07692307692307693
2024-04-01,78,21,7,0.08974358974358974
2024-04-01,78,22,7,0.08974358974358974
2024-04-01,78,23,6,0.07692307692307693
2024-04-01,78,24,5,0.0641025641025641
2024-04-01,78,25,4,0.05128205128205128
2024-04-01,78,26,5,0.0641025641025641
2024-04-01,78,27,5,0.0641025641025641
2024-04-01,78,28,3,0.038461538461538464
2024-04-01,78,29,1,0.01282051282051282
2024-04-01,78,30,10,0.1282051282051282
2024-04-01,78,31,6,0.07692307692307693
2024-04-01,78,32,3,0.038461538461538464
2024-04-01,78,33,2,0.02564102564102564
2024-04-01,78,34,3,0.038461538461538464
2024-04-01,78,35,7,0.08974358974358974
2024-04-01,78,36,1,0.01282051282051282
2024-04-01,78,37,4,0.05128205128205128
2024-04-01,78,38,3,0.038461538461538464
2024-04-01,78,39,5,0.0641025641025641
2024-04-01,78,40,7,0.08974358974358974
2024-04-01,78,41,4,0.05128205128205128
2024-04-01,78,42,3,0.038461538461538464
2024-04-01,78,43,3,0.038461538461538464
2024-04-01,78,44,4,0.05128205128205128
2024-04-01,78,45,4,0.05128205128205128
2024-04-01,78,46,4,0.05128205128205128
2024-04-01,78,47,0,0.0
2024-04-01,78,48,1,0.01282051282051282
2024-04-01,78,49,3,0.038461538461538464
2024-04-01,78,50,3,0.038461538461538464
2024-04-01,78,51,2,0.02564102564102564
2024-04-01,78,52,1,0.01282051282051282
2024-04-01,78,53,1,0.01282051282051282
2024-04-01,78,54,2,0.02564102564102564
2024-04-01,78,55,3,0.038461538461538464
2024-04-01,78,56,4,0.05128205128205128
2024-04-01,78,57,1,0.01282051282051282
2024-04-01,78,58,2,0.02564102564102564
2024-04-01,78,59,1,0.01282051282051282
2024-04-01,78,60,1,0.01282051282051282
2024-04-08,97,0,97,1.0
2024-04-08,97,1,19,0.1958762886597938
2024-04-08,97,2,22,0.2268041237113402
2024-04-08,97,3,20,0.20618556701030927
2024-04-08,97,4,13,0.13402061855670103
2024-04-08,97,5,25,0.25773195876288657
2024-04-08,97,6,20,0.20618556701030927
2024-04-08,97,7,13,0.13402061855670103
2024-04-08,97,8,13,0.13402061855670103
2024-04-08,97,9,12,0.12371134020618557
2024-04-08,97,10,5,0.05154639175257732
2024-04-08,97,11,12,0.12371134020618557
2024-04-08,97,12,13,0.13402061855670103
2024-04-08,97,13,5,0.05154639175257732
2024-04-08,97,14,16,0.16494845360824742
2024-04-08,97,15,15,0.15463917525773196
2024-04-08,97,16,13,0.13402061855670103
2024-04-08,97,17,11,0.1134020618556701
2024-04-08,97,18,11,0.1134020618556701
2024-04-08,97,19,11,0.1134020618556701
2024-04-08,97,20,10,0.10309278350515463
2024-04-08,97,21,9,0.09278350515463918
2024-04-08,97,22,14,0.14432989690721648
2024-04-08,97,23,6,0.061855670103092786
2024-04-08,97,24,9,0.09278350515463918
2024-04-08,97,25,12,0.12371134020618557
2024-04-08,97,26,14,0.14432989690721648
2024-04-08,97,27,11,0.1134020618556701
2024-04-08,97,28,7,0.07216494845360824
2024-04-08,97,29,10,0.10309278350515463
2024-04-08,97,30,6,0.061855670103092786
2024-04-08,97,31,11,0.1134020618556701
2024-04-08,97,32,5,0.05154639175257732
2024-04-08,97,33,5,0.05154639175257732
2024-04-08,97,34,6,0.061855670103092786
2024-04-08,97,35,3,0.030927835051546393
2024-04-08,97,36,8,0.08247422680412371
2024-04-08,97,37,4,0.041237113402061855
2024-04-08,97,38,9,0.09278350515463918
2024-04-08,97,39,2,0.020618556701030927
2024-04-08,97,40,4,0.041237113402061855
2024-04-08,97,41,3,0.030927835051546393
2024-04-08,97,42,3,0.030927835051546393
2024-04-08,97,43,6,0.061855670103092786
2024-04-08,97,44,4,0.041237113402061855
2024-04-08,97,45,4,0.041237113402061855
2024-04-08,97,46,5,0.05154639175257732
2024-04-08,97,47,3,0.030927835051546393
2024-04-08,97,48,4,0.041237113402061855
2024-04-08,97,49,5,0.05154639175257732
2024-04-08,97,50,3,0.030927835051546393
2024-04-08,97,51,3,0.030927835051546393
2024-04-08,97,52,0,0.0
2024-04-08,97,53,2,0.020618556701030927
2024-04-08,97,54,3,0.030927835051546393
2024-04-08,97,55,2,0.020618556701030927
2024-04-08,97,56,3,0.030927835051546393
2024-04-08,97,57,4,0.041237113402061855
2024-04-08,97,58,3,0.030927835051546393
2024-04-08,97,59,2,0.020618556701030927
2024-04-08,97,60,4,0.041237113402061855
2024-04-15,81,0,81,1.0
2024-04-15,81,1,16,0.19753086419753085
2024-04-15,81,2,14,0.1728395061728395
2024-04-15,81,3,23,0.2839506172839506
2024-04-15,81,4,17,0.20987654320987653
2024-04-15,81,5,20,0.24691358024691357
2024-04-15,81,6,18,0.2222222222222222
2024-04-15,81,7,11,0.13580246913580246
2024-04-15,81,8,6,0.07407407407407407
2024-04-15,81,9,12,0.14814814814814814
2024-04-15,81,10,10,0.12345679012345678
2024-04-15,81,11,15,0.18518518518518517
2024-04-15,81,12,9,0.1111111111111111
2024-04-15,81,13,12,0.14814814814814814
2024-04-15,81,14,9,0.1111111111111111
2024-04-15,81,15,11,0.13580246913580246
2024-04-15,81,16,9,0.1111111111111111
2024-04-15,81,17,8,0.09876543209876543
2024-04-15,81,18,8,0.09876543209876543
2024-04-15,81,19,6,0.07407407407407407
2024-04-15,81,20,9,0.1111111111111111
2024-04-15,81,21,10,0.12345679012345678
2024-04-15,81,22,3,0.037037037037037035
2024-04-15,81,23,6,0.07407407407407407
2024-04-15,81,24,11,0.13580246913580246
2024-04-15,81,25,8,0.09876543209876543
2024-04-15,81,26,8,0.09876543209876543
2024-04-15,81,27,3,0.037037037037037035
2024-04-15,81,28,11,0.13580246913580246
2024-04-15,81,29,6,0.07407407407407407
2024-04-15,81,30,10,0.12345679012345678
2024-04-15,81,31,10,0.12345679012345678
2024-04-15,81,32,8,0.09876543209876543
2024-04-15,81,33,6,0.07407407407407407
2024-04-15,81,34,5,0.06172839506172839
2024-04-15,81,35,6,0.07407407407407407
2024-04-15,81,36,4,0.04938271604938271
2024-04-15,81,37,8,0.09876543209876543
2024-04-15,81,38,7,0.08641975308641975
2024-04-15,81,39,3,0.037037037037037035
2024-04-15,81,40,5,0.06172839506172839
2024-04-15,81,41,6,0.07407407407407407
2024-04-15,81,42,7,0.08641975308641975
2024-04-15,81,43,2,0.024691358024691357
2024-04-15,81,44,2,0.024691358024691357
2024-04-15,81,45,6,0.07407407407407407
2024-04-15,81,46,2,0.024691358024691357
2024-04-15,81,47,3,0.037037037037037035
2024-04-15,81,48,5,0.06172839506172839
2024-04-15,81,49,5,0.06172839506172839
2024-04-15,81,50,1,0.012345679012345678
2024-04-15,81,51,4,0.04938271604938271
2024-04-15,81,52,4,0.04938271604938271
2024-04-15,81,53,2,0.024691358024691357
2024-04-15,81,54,2,0.024691358024691357
2024-04-15,81,55,0,0.0
2024-04-15,81,56,1,0.012345679012345678
2024-04-15,81,57,2,0.024691358024691357
2024-04-15,81,58,2,0.024691358024691357
2024-04-15,81,59,1,0.012345679012345678
2024-04-15,81,60,1,0.012345679012345678
2024-04-22,63,0,63,1.0
2024-04-22,63,1,12,0.19047619047619047
2024-04-22,63,2,13,0.20634920634920634
2024-04-22,63,3,15,0.23809523809523808
2024-04-22,63,4,19,0.30158730158730157
2024-04-22,63,5,8,0.12698412698412698
2024-04-22,63,6,14,0.2222222222222222
2024-04-22,63,7,16,0.25396825396825395
2024-04-22,63,8,10,0.15873015873015872
2024-04-22,63,9,6,0.09523809523809523
2024-04-22,63,10,7,0.1111111111111111
2024-04-22,63,11,7,0.1111111111111111
2024-04-22,63,12,8,0.12698412698412698
2024-04-22,63,13,7,0.1111111111111111
2024-04-22,63,14,6,0.09523809523809523
2024-04-22,63,15,4,0.06349206349206349
2024-04-22,63,16,11,0.1746031746031746
2024-04-22,63,17,4,0.06349206349206349
2024-04-22,63,18,11,0.1746031746031746
2024-04-22,63,19,5,0.07936507936507936
2024-04-22,63,20,8,0.12698412698412698
2024-04-22,63,21,3,0.047619047619047616
2024-04-22,63,22,3,0.047619047619047616
2024-04-22,63,23,3,0.047619047619047616
2024-04-22,63,24,3,0.047619047619047616
2024-04-22,63,25,6,0.09523809523809523
2024-04-22,63,26,6,0.09523809523809523
2024-04-22,63,27,3,0.047619047619047616
2024-04-22,63,28,3,0.047619047619047616
2024-04-22,63,29,8,0.12698412698412698
2024-04-22,63,30,2,0.031746031746031744
2024-04-22,63,31,8,0.12698412698412698
2024-04-22,63,32,3,0.047619047619047616
2024-04-22,63,33,2,0.031746031746031744
2024-04-22,63,34,4,0.06349206349206349
2024-04-22,63,35,2,0.031746031746031744
2024-04-22,63,36,3,0.047619047619047616
2024-04-22,63,37,2,0.031746031746031744
2024-04-22,63,38,2,0.031746031746031744
2024-04-22,63,39,3,0.047619047619047616
2024-04-22,63,40,3,0.047619047619047616
2024-04-22,63,41,1,0.015873015873015872
2024-04-22,63,42,1,0.015873015873015872
2024-04-22,63,43,1,0.015873015873015872
2024-04-22,63,44,2,0.031746031746031744
2024-04-22,63,45,0,0.0
2024-04-22,63,46,1,0.015873015873015872
2024-04-22,63,47,1,0.015873015873015872
2024-04-22,63,48,2,0.031746031746031744
2024-04-22,63,49,1,0.015873015873015872
2024-04-22,63,50,2,0.031746031746031744
2024-04-22,63,51,2,0.031746031746031744
2024-04-22,63,52,0,0.0
2024-04-22,63,53,1,0.015873015873015872
2024-04-22,63,54,2,0.031746031746031744
2024-04-22,63,55,3,0.047619047619047616
2024-04-22,63,56,1,0.015873015873015872
2024-04-22,63,57,2,0.031746031746031744
2024-04-22,63,58,2,0.031746031746031744
2024-04-22,63,59,2,0.031746031746031744
2024-04-22,63,60,1,0.015873015873015872
2024-04-29,69,0,69,1.0
2024-04-29,69,1,11,0.15942028985507245
2024-04-29,69,2,11,0.15942028985507245
2024-04-29,69,3,13,0.18840579710144928
2024-04-29,69,4,14,0.2028985507246377
2024-04-29,69,5,8,0.11594202898550725
2024-04-29,69,6,14,0.2028985507246377
2024-04-29,69,7,11,0.15942028985507245
2024-04-29,69,8,4,0.057971014492753624
2024-04-29,69,9,9,0.13043478260869565
2024-04-29,69,10,6,0.08695652173913043
2024-04-29,69,11,6,0.08695652173913043
2024-04-29,69,12,12,0.17391304347826086
2024-04-29,69,13,6,0.08695652173913043
2024-04-29,69,14,4,0.057971014492753624
2024-04-29,69,15,13,0.18840579710144928
2024-04-29,69,16,10,0.14492753623188406
2024-04-29,69,17,3,0.043478260869565216
2024-04-29,69,18,4,0.057971014492753624
2024-04-29,69,19,3,0.043478260869565216
2024-04-29,69,20,7,0.10144927536231885
2024-04-29,69,21,8,0.11594202898550725
2024-04-29,69,22,5,0.07246376811594203
2024-04-29,69,23,8,0.11594202898550725
2024-04-29,69,24,7,0.10144927536231885
2024-04-29,69,25,6,0.08695652173913043
2024-04-29,69,26,3,0.043478260869565216
2024-04-29,69,27,4,0.057971014492753624
2024-04-29,69,28,1,0.014492753623188406
2024-04-29,69,29,4,0.057971014492753624
2024-04-29,69,30,7,0.10144927536231885
2024-04-29,69,31,4,0.057971014492753624
2024-04-29,69,32,3,0.043478260869565216
2024-04-29,69,33,6,0.08695652173913043
2024-04-29,69,34,4,0.057971014492753624
2024-04-29,69,35,5,0.07246376811594203
2024-04-29,69,36,3,0.043478260869565216
2024-04-29,69,37,1,0.014492753623188406
2024-04-29,69,38,4,0.057971014492753624
2024-04-29,69,39,3,0.043478260869565216
2024-04-29,69,40,2,0.028985507246376812
2024-04-29,69,41,4,0.057971014492753624
2024-04-29,69,42,6,0.08695652173913043
2024-04-29,69,43,3,0.043478260869565216
2024-04-29,69,44,5,0.07246376811594203
2024-04-29,69,45,8,0.11594202898550725
2024-04-29,69,46,3,0.043478260869565216
2024-04-29,69,47,5,0.07246376811594203
2024-04-29,69,48,3,0.043478260869565216
2024-04-29,69,49,1,0.014492753623188406
2024-04-29,69,50,2,0.028985507246376812
2024-04-29,69,51,4,0.057971014492753624
2024-04-29,69,52,1,0.014492753623188406
2024-04-29,69,53,4,0.057971014492753624
2024-04-29,69,54,2,0.028985507246376812
2024-04-29,69,55,1,0.014492753623188406
2024-04-29,69,56,0,0.0
2024-04-29,69,57,1,0.014492753623188406
2024-04-29,69,58,1,0.014492753623188406
2024-04-29,69,59,3,0.043478260869565216
2024-04-29,69,60,2,0.028985507246376812
2024-05-06,102,0,102,1.0
2024-05-06,102,1,21,0.20588235294117646
2024-05-06,102,2,23,0.22549019607843138
2024-05-06,102,3,22,0.21568627450980393
2024-05-06,102,4,22,0.21568627450980393
2024-05-06,102,5,17,0.16666666666666666
2024-05-06,102,6,16,0.1568627450980392
2024-05-06,102,7,11,0.10784313725490197
2024-05-06,102,8,16,0.1568627450980392
2024-05-06,102,9,12,0.11764705882352941
2024-05-06,102,10,12,0.11764705882352941
2024-05-06,102,11,10,0.09803921568627451
2024-05-06,102,12,9,0.08823529411764706
2024-05-06,102,13,17,0.16666666666666666
2024-05-06,102,14,9,0.08823529411764706
2024-05-06,102,15,11,0.10784313725490197
2024-05-06,102,16,5,0.049019607843137254
2024-05-06,102,17,14,0.13725490196078433
2024-05-06,102,18,12,0.11764705882352941
2024-05-06,102,19,9,0.08823529411764706
2024-05-06,102,20,5,0.049019607843137254
2024-05-06,102,21,5,0.049019607843137254
2024-05-06,102,22,14,0.13725490196078433
2024-05-06,102,23,8,0.0784313725490196
2024-05-06,102,24,9,0.08823529411764706
2024-05-06,102,25,4,0.0392156862745098
2024-05-06,102,26,9,0.08823529411764706
2024-05-06,102,27,8,0.0784313725490196
2024-05-06,102,28,5,0.049019607843137254
2024-05-06,102,29,4,0.0392156862745098
2024-05-06,102,30,2,0.0196078431372549
2024-05-06,102,31,7,0.06862745098039216
2024-05-06,102,32,7,0.06862745098039216
2024-05-06,102,33,7,0.06862745098039216
2024-05-06,102,34,5,0.049019607843137254
2024-05-06,102,35,9,0.08823529411764706
2024-05-06,102,36,6,0.058823529411764705
2024-05-06,102,37,5,0.049019607843137254
2024-05-06,102,38,3,0.029411764705882353
2024-05-06,102,39,7,0.06862745098039216
2024-05-06,102,40,5,0.049019607843137254
2024-05-06,102,41,7,0.06862745098039216
2024-05-06,102,42,2,0.0196078431372549
2024-05-06,102,43,4,0.0392156862745098
2024-05-06,102,44,4,0.0392156862745098
2024-05-06,102,45,3,0.029411764705882353
2024-05-06,102,46,3,0.029411764705882353
2024-05-06,102,47,2,0.0196078431372549
2024-05-06,102,48,4,0.0392156862745098
2024-05-06,102,49,2,0.0196078431372549
2024-05-06,102,50,4,0.0392156862745098
2024-05-06,102,51,3,0.029411764705882353
2024-05-06,102,52,3,0.029411764705882353
2024-05-06,102,53,3,0.029411764705882353
2024-05-06,102,54,1,0.00980392156862745
2024-05-06,102,55,4,0.0392156862745098
2024-05-06,102,56,1,0.00980392156862745
2024-05-06,102,57,5,0.049019607843137254
2024-05-06,102,58,0,0.0
2024-05-06,102,59,2,0.0196078431372549
2024-05-06,102,60,4,0.0392156862745098
2024-05-13,71,0,71,1.0
2024-05-13,71,1,15,0.2112676056338028
2024-05-13,71,2,13,0.18309859154929578
2024-05-13,71,3,12,0.16901408450704225
2024-05-13,71,4,11,0.15492957746478872
2024-05-13,71,5,11,0.15492957746478872
2024-05-13,71,6,14,0.19718309859154928
2024-05-13,71,7,14,0.19718309859154928
2024-05-13,71,8,8,0.11267605633802817
2024-05-13,71,9,8,0.11267605633802817
2024-05-13,71,10,6,0.08450704225352113
2024-05-13,71,11,14,0.19718309859154928
2024-05-13,71,12,7,0.09859154929577464
2024-05-13,71,13,9,0.1267605633802817
2024-05-13,71,14,6,0.08450704225352113
2024-05-13,71,15,6,0.08450704225352113
2024-05-13,71,16,8,0.11267605633802817
2024-05-13,71,17,5,0.07042253521126761
2024-05-13,71,18,4,0.056338028169014086
2024-05-13,71,19,3,0.04225352112676056
2024-05-13,71,20,7,0.09859154929577464
2024-05-13,71,21,7,0.09859154929577464
2024-05-13,71,22,6,0.08450704225352113
2024-05-13,71,23,8,0.11267605633802817
2024-05-13,71,24,6,0.08450704225352113
2024-05-13,71,25,5,0.07042253521126761
2024-05-13,71,26,4,0.056338028169014086
2024-05-13,71,27,6,0.08450704225352113
2024-05-13,71,28,0,0.0
2024-05-13,71,29,3,0.04225352112676056
2024-05-13,71,30,3,0.04225352112676056
2024-05-13,71,31,4,0.056338028169014086
2024-05-13,71,32,1,0.014084507042253521
2024-05-13,71,33,3,0.04225352112676056
2024-05-13,71,34,3,0.04225352112676056
2024-05-13,71,35,4,0.056338028169014086
2024-05-13,71,36,2,0.028169014084507043
2024-05-13,71,37,2,0.028169014084507043
2024-05-13,71,38,0,0.0
2024-05-13,71,39,5,0.07042253521126761
2024-05-13,71,40,4,0.056338028169014086
2024-05-13,71,41,5,0.07042253521126761
2024-05-13,71,42,2,0.028169014084507043
2024-05-13,71,43,0,0.0
2024-05-13,71,44,3,0.04225352112676056
2024-05-13,71,45,1,0.014084507042253521
2024-05-13,71,46,2,0.028169014084507043
2024-05-13,71,47,1,0.014084507042253521
2024-05-13,71,48,1,0.014084507042253521
2024-05-13,71,49,3,0.04225352112676056
2024-05-13,71,50,2,0.028169014084507043
2024-05-13,71,51,0,0.0
2024-05-13,71,52,3,0.04225352112676056
2024-05-13,71,53,1,0.014084507042253521
2024-05-13,71,54,5,0.07042253521126761
2024-05-13,71,55,4,0.056338028169014086
2024-05-13,71,56,1,0.014084507042253521
2024-05-13,71,57,2,0.028169014084507043
2024-05-13,71,58,3,0.04225352112676056
2024-05-13,71,59,1,0.014084507042253521
2024-05-13,71,60,2,0.028169014084507043
2024-05-20,82,0,82,1.0
2024-05-20,82,1,21,0.25609756097560976
2024-05-20,82,2,21,0.25609756097560976
2024-05-20,82,3,15,0.18292682926829268
2024-05-20,82,4,16,0.1951219512195122
2024-05-20,82,5,9,0.10975609756097561
2024-05-20,82,6,18,0.21951219512195122
2024-05-20,82,7,14,0.17073170731707318
2024-05-20,82,8,11,0.13414634146341464
2024-05-20,82,9,8,0.0975609756097561
2024-05-20,82,10,10,0.12195121951219512
2024-05-20,82,11,11,0.13414634146341464
2024-05-20,82,12,13,0.15853658536585366
2024-05-20,82,13,10,0.12195121951219512
2024-05-20,82,14,8,0.0975609756097561
2024-05-20,82,15,9,0.10975609756097561
2024-05-20,82,16,6,0.07317073170731707
2024-05-20,82,17,5,0.06097560975609756
2024-05-20,82,18,9,0.10975609756097561
2024-05-20,82,19,9,0.10975609756097561
2024-05-20,82,20,9,0.10975609756097561
2024-05-20,82,21,8,0.0975609756097561
2024-05-20,82,22,9,0.10975609756097561
2024-05-20,82,23,8,0.0975609756097561
2024-05-20,82,24,10,0.12195121951219512
2024-05-20,82,25,4,0.04878048780487805
2024-05-20,82,26,7,0.08536585365853659
2024-05-20,82,27,12,0.14634146341463414
2024-05-20,82,28,2,0.024390243902439025
2024-05-20,82,29,5,0.06097560975609756
2024-05-20,82,30,6,0.07317073170731707
2024-05-20,82,31,4,0.04878048780487805
2024-05-20,82,32,5,0.06097560975609756
2024-05-20,82,33,4,0.04878048780487805
2024-05-20,82,34,3,0.036585365853658534
2024-05-20,82,35,4,0.04878048780487805
2024-05-20,82,36,3,0.036585365853658534
2024-05-20,82,37,5,0.06097560975609756
2024-05-20,82,38,4,0.04878048780487805
2024-05-20,82,39,4,0.04878048780487805
2024-05-20,82,40,3,0.036585365853658534
2024-05-20,82,41,3,0.036585365853658534
2024-05-20,82,42,1,0.012195121951219513
2024-05-20,82,43,2,0.024390243902439025
2024-05-20,82,44,5,0.06097560975609756
2024-05-20,82,45,2,0.024390243902439025
2024-05-20,82,46,6,0.07317073170731707
2024-05-20,82,47,4,0.04878048780487805
2024-05-20,82,48,4,0.04878048780487805
2024-05-20,82,49,1,0.012195121951219513
2024-05-20,82,50,3,0.036585365853658534
2024-05-20,82,51,3,0.036585365853658534
2024-05-20,82,52,4,0.04878048780487805
2024-05-20,82,53,4,0.04878048780487805
2024-05-20,82,54,0,0.0
2024-05-20,82,55,1,0.012195121951219513
2024-05-20,82,56,3,0.036585365853658534
2024-05-20,82,57,1,0.012195121951219513
2024-05-20,82,58,1,0.012195121951219513
2024-05-20,82,59,2,0.024390243902439025
2024-05-20,82,60,2,0.024390243902439025
2024-05-27,89,0,89,1.0
2024-05-27,89,1,17,0.19101123595505617
2024-05-27,89,2,18,0.20224719101123595
2024-05-27,89,3,16,0.1797752808988764
2024-05-27,89,4,17,0.19101123595505617
2024-05-27,89,5,18,0.20224719101123595
2024-05-27,89,6,14,0.15730337078651685
2024-05-27,89,7,21,0.23595505617977527
2024-05-27,89,8,10,0.11235955056179775
2024-05-27,89,9,16,0.1797752808988764
2024-05-27,89,10,13,0.14606741573033707
2024-05-27,89,11,16,0.1797752808988764
2024-05-27,89,12,11,0.12359550561797752
2024-05-27,89,13,13,0.14606741573033707
2024-05-27,89,14,11,0.12359550561797752
2024-05-27,89,15,9,0.10112359550561797
2024-05-27,89,16,10,0.11235955056179775
2024-05-27,89,17,10,0.11235955056179775
2024-05-27,89,18,6,0.06741573033707865
2024-05-27,89,19,12,0.1348314606741573
2024-05-27,89,20,12,0.1348314606741573
2024-05-27,89,21,9,0.10112359550561797
2024-05-27,89,22,7,0.07865168539325842
2024-05-27,89,23,6,0.06741573033707865
2024-05-27,89,24,11,0.12359550561797752
2024-05-27,89,25,8,0.0898876404494382
2024-05-27,89,26,9,0.10112359550561797
2024-05-27,89,27,5,0.056179775280898875
2024-05-27,89,28,10,0.11235955056179775
2024-05-27,89,29,7,0.07865168539325842
2024-05-27,89,30,11,0.12359550561797752
2024-05-27,89,31,4,0.0449438202247191
2024-05-27,89,32,9,0.10112359550561797
2024-05-27,89,33,4,0.0449438202247191
2024-05-27,89,34,4,0.0449438202247191
2024-05-27,89,35,8,0.0898876404494382
2024-05-27,89,36,9,0.10112359550561797
2024-05-27,89,37,6,0.06741573033707865
2024-05-27,89,38,3,0.033707865168539325
2024-05-27,89,39,8,0.0898876404494382
2024-05-27,89,40,4,0.0449438202247191
2024-05-27,89,41,3,0.033707865168539325
2024-05-27,89,42,4,0.0449438202247191
2024-05-27,89,43,5,0.056179775280898875
2024-05-27,89,44,2,0.02247191011235955
2024-05-27,89,45,3,0.033707865168539325
2024-05-27,89,46,2,0.02247191011235955
2024-05-27,89,47,4,0.0449438202247191
2024-05-27,89,48,1,0.011235955056179775
2024-05-27,89,49,3,0.033707865168539325
2024-05-27,89,50,2,0.02247191011235955
2024-05-27,89,51,4,0.0449438202247191
2024-05-27,89,52,3,0.033707865168539325
2024-05-27,89,53,1,0.011235955056179775
2024-05-27,89,54,3,0.033707865168539325
2024-05-27,89,55,3,0.033707865168539325
2024-05-27,89,56,1,0.011235955056179775
2024-05-27,89,57,1,0.011235955056179775
2024-05-27,89,58,3,0.033707865168539325
2024-05-27,89,59,2,0.02247191011235955
2024-05-27,89,60,2,0.02247191011235955
2024-06-03,80,0,80,1.0
2024-06-03,80,1,12,0.15
2024-06-03,80,2,13,0.1625
2024-06-03,80,3,21,0.2625
2024-06-03,80,4,17,0.2125
2024-06-03,80,5,16,0.2
2024-06-03,80,6,10,0.125
2024-06-03,80,7,17,0.2125
2024-06-03,80,8,9,0.1125
2024-06-03,80,9,9,0.1125
2024-06-03,80,10,7,0.0875
2024-06-03,80,11,12,0.15
2024-06-03,80,12,10,0.125
2024-06-03,80,13,13,0.1625
2024-06-03,80,14,9,0.1125
2024-06-03,80,15,9,0.1125
2024-06-03,80,16,5,0.0625
2024-06-03,80,17,9,0.1125
2024-06-03,80,18,9,0.1125
2024-06-03,80,19,7,0.0875
2024-06-03,80,20,6,0.075
2024-06-03,80,21,9,0.1125
2024-06-03,80,22,6,0.075
2024-06-03,80,23,10,0.125
2024-06-03,80,24,8,0.1
2024-06-03,80,25,8,0.1
2024-06-03,80,26,9,0.1125
2024-06-03,80,27,7,0.0875
2024-06-03,80,28,5,0.0625
2024-06-03,80,29,7,0.0875
2024-06-03,80,30,6,0.075
2024-06-03,80,31,6,0.075
2024-06-03,80,32,6,0.075
2024-06-03,80,33,7,0.0875
2024-06-03,80,34,6,0.075
2024-06-03,80,35,8,0.1
2024-06-03,80,36,5,0.0625
2024-06-03,80,37,2,0.025
2024-06-03,80,38,6,0.075
2024-06-03,80,39,5,0.0625
2024-06-03,80,40,5,0.0625
2024-06-03,80,41,4,0.05
2024-06-03,80,42,3,0.0375
2024-06-03,80,43,4,0.05
2024-06-03,80,44,1,0.0125
2024-06-03,80,45,7,0.0875
2024-06-03,80,46,5,0.0625
2024-06-03,80,47,5,0.0625
2024-06-03,80,48,3,0.0375
2024-06-03,80,49,0,0.0
2024-06-03,80,50,5,0.0625
2024-06-03,80,51,4,0.05
2024-06-03,80,52,4,0.05
2024-06-03,80,53,2,0.025
2024-06-03,80,54,3,0.0375
2024-06-03,80,55,0,0.0
2024-06-03,80,56,4,0.05
2024-06-03,80,57,3,0.0375
2024-06-03,80,58,7,0.0875
2024-06-03,80,59,3,0.0375
2024-06-03,80,60,3,0.0375
2024-06-10,71,0,71,1.0
2024-06-10,71,1,15,0.2112676056338028
2024-06-10,71,2,12,0.16901408450704225
2024-06-10,71,3,14,0.19718309859154928
2024-06-10,71,4,12,0.16901408450704225
2024-06-10,71,5,12,0.16901408450704225
2024-06-10,71,6,15,0.2112676056338028
2024-06-10,71,7,15,0.2112676056338028
2024-06-10,71,8,12,0.16901408450704225
2024-06-10,71,9,13,0.18309859154929578
2024-06-10,71,10,11,0.15492957746478872
2024-06-10,71,11,5,0.07042253521126761
2024-06-10,71,12,12,0.16901408450704225
2024-06-10,71,13,12,0.16901408450704225
2024-06-10,71,14,3,0.04225352112676056
2024-06-10,71,15,6,0.08450704225352113
2024-06-10,71,16,11,0.15492957746478872
2024-06-10,71,17,8,0.11267605633802817
2024-06-10,71,18,11,0.15492957746478872
2024-06-10,71,19,9,0.1267605633802817
2024-06-10,71,20,11,0.15492957746478872
2024-06-10,71,21,6,0.08450704225352113
2024-06-10,71,22,8,0.11267605633802817
2024-06-10,71,23,7,0.09859154929577464
2024-06-10,71,24,6,0.08450704225352113
2024-06-10,71,25,4,0.056338028169014086
2024-06-10,71,26,5,0.07042253521126761
2024-06-10,71,27,7,0.09859154929577464
2024-06-10,71,28,8,0.11267605633802817
2024-06-10,71,29,4,0.056338028169014086
2024-06-10,71,30,4,0.056338028169014086
2024-06-10,71,31,6,0.08450704225352113
2024-06-10,71,32,4,0.056338028169014086
2024-06-10,71,33,3,0.04225352112676056
2024-06-10,71,34,5,0.07042253521126761
2024-06-10,71,35,1,0.014084507042253521
2024-06-10,71,36,3,0.04225352112676056
2024-06-10,71,37,2,0.028169014084507043
2024-06-10,71,38,4,0.056338028169014086
2024-06-10,71,39,2,0.028169014084507043
2024-06-10,71,40,3,0.04225352112676056
2024-06-10,71,41,2,0.028169014084507043
2024-06-10,71,42,6,0.08450704225352113
2024-06-10,71,43,4,0.056338028169014086
2024-06-10,71,44,2,0.028169014084507043
2024-06-10,71,45,5,0.07042253521126761
2024-06-10,71,46,5,0.07042253521126761
2024-06-10,71,47,4,0.056338028169014086
2024-06-10,71,48,5,0.07042253521126761
2024-06-10,71,49,2,0.028169014084507043
2024-06-10,71,50,1,0.014084507042253521
2024-06-10,71,51,2,0.028169014084507043
2024-06-10,71,52,1,0.014084507042253521
2024-06-10,71,53,2,0.028169014084507043
2024-06-10,71,54,1,0.014084507042253521
2024-06-10,71,55,2,0.028169014084507043
2024-06-10,71,56,1,0.014084507042253521
2024-06-10,71,57,2,0.028169014084507043
2024-06-10,71,58,3,0.04225352112676056
2024-06-10,71,59,3,0.04225352112676056
2024-06-10,71,60,1,0.014084507042253521
2024-06-17,97,0,97,1.0
2024-06-17,97,1,16,0.16494845360824742
2024-06-17,97,2,22,0.2268041237113402
2024-06-17,97,3,19,0.1958762886597938
2024-06-17,97,4,21,0.21649484536082475
2024-06-17,97,5,20,0.20618556701030927
2024-06-17,97,6,14,0.14432989690721648
2024-06-17,97,7,14,0.14432989690721648
2024-06-17,97,8,15,0.15463917525773196
2024-06-17,97,9,22,0.2268041237113402
2024-06-17,97,10,7,0.07216494845360824
2024-06-17,97,11,12,0.12371134020618557
2024-06-17,97,12,6,0.061855670103092786
2024-06-17,97,13,16,0.16494845360824742
2024-06-17,97,14,8,0.08247422680412371
2024-06-17,97,15,15,0.15463917525773196
2024-06-17,97,16,9,0.09278350515463918
2024-06-17,97,17,8,0.08247422680412371
2024-06-17,97,18,8,0.08247422680412371
2024-06-17,97,19,11,0.1134020618556701
2024-06-17,97,20,6,0.061855670103092786
2024-06-17,97,21,11,0.1134020618556701
2024-06-17,97,22,12,0.12371134020618557
2024-06-17,97,23,10,0.10309278350515463
2024-06-17,97,24,7,0.07216494845360824
2024-06-17,97,25,11,0.1134020618556701
2024-06-17,97,26,9,0.09278350515463918
2024-06-17,97,27,8,0.08247422680412371
2024-06-17,97,28,7,0.07216494845360824
2024-06-17,97,29,4,0.041237113402061855
2024-06-17,97,30,5,0.05154639175257732
2024-06-17,97,31,6,0.061855670103092786
2024-06-17,97,32,10,0.10309278350515463
2024-06-17,97,33,11,0.1134020618556701
2024-06-17,97,34,6,0.061855670103092786
2024-06-17,97,35,7,0.07216494845360824
2024-06-17,97,36,10,0.10309278350515463
2024-06-17,97,37,9,0.09278350515463918
2024-06-17,97,38,5,0.05154639175257732
2024-06-17,97,39,7,0.07216494845360824
2024-06-17,97,40,6,0.061855670103092786
2024-06-17,97,41,5,0.05154639175257732
2024-06-17,97,42,5,0.05154639175257732
2024-06-17,97,43,4,0.041237113402061855
2024-06-17,97,44,5,0.05154639175257732
2024-06-17,97,45,6,0.061855670103092786
2024-06-17,97,46,4,0.041237113402061855
2024-06-17,97,47,3,0.030927835051546393
2024-06-17,97,48,2,0.020618556701030927
2024-06-17,97,49,5,0.05154639175257732
2024-06-17,97,50,6,0.061855670103092786
2024-06-17,97,51,2,0.020618556701030927
2024-06-17,97,52,7,0.07216494845360824
2024-06-17,97,53,3,0.030927835051546393
2024-06-17,97,54,2,0.020618556701030927
2024-06-17,97,55,3,0.030927835051546393
2024-06-17,97,56,1,0.010309278350515464
2024-06-17,97,57,2,0.020618556701030927
2024-06-17,97,58,3,0.030927835051546393
2024-06-17,97,59,4,0.041237113402061855
2024-06-17,97,60,2,0.020618556701030927
2024-06-24,76,0,76,1.0
2024-06-24,76,1,15,0.19736842105263158
2024-06-24,76,2,18,0.23684210526315788
2024-06-24,76,3,9,0.11842105263157894
2024-06-24,76,4,19,0.25
2024-06-24,76,5,12,0.15789473684210525
2024-06-24,76,6,16,0.21052631578947367
2024-06-24,76,7,19,0.25
2024-06-24,76,8,14,0.18421052631578946
2024-06-24,76,9,20,0.2631578947368421
2024-06-24,76,10,11,0.14473684210526316
2024-06-24,76,11,10,0.13157894736842105
2024-06-24,76,12,7,0.09210526315789473
2024-06-24,76,13,10,0.13157894736842105
2024-06-24,76,14,14,0.18421052631578946
2024-06-24,76,15,13,0.17105263157894737
2024-06-24,76,16,9,0.11842105263157894
2024-06-24,76,17,13,0.17105263157894737
2024-06-24,76,18,5,0.06578947368421052
2024-06-24,76,19,8,0.10526315789473684
2024-06-24,76,20,6,0.07894736842105263
2024-06-24,76,21,6,0.07894736842105263
2024-06-24,76,22,7,0.09210526315789473
2024-06-24,76,23,3,0.039473684210526314
2024-06-24,76,24,8,0.10526315789473684
2024-06-24,76,25,4,0.05263157894736842
2024-06-24,76,26,11,0.14473684210526316
2024-06-24,76,27,5,0.06578947368421052
2024-06-24,76,28,3,0.039473684210526314
2024-06-24,76,29,6,0.07894736842105263
2024-06-24,76,30,8,0.10526315789473684
2024-06-24,76,31,4,0.05263157894736842
2024-06-24,76,32,5,0.06578947368421052
2024-06-24,76,33,5,0.06578947368421052
2024-06-24,76,34,4,0.05263157894736842
2024-06-24,76,35,8,0.10526315789473684
2024-06-24,76,36,6,0.07894736842105263
2024-06-24,76,37,4,0.05263157894736842
2024-06-24,76,38,5,0.06578947368421052
2024-06-24,76,39,7,0.09210526315789473
2024-06-24,76,40,3,0.039473684210526314
2024-06-24,76,41,4,0.05263157894736842
2024-06-24,76,42,1,0.013157894736842105
2024-06-24,76,43,2,0.02631578947368421
2024-06-24,76,44,4,0.05263157894736842
2024-06-24,76,45,3,0.039473684210526314
2024-06-24,76,46,2,0.02631578947368421
2024-06-24,76,47,1,0.013157894736842105
2024-06-24,76,48,2,0.02631578947368421
2024-06-24,76,49,0,0.0
2024-06-24,76,50,2,0.02631578947368421
2024-06-24,76,51,3,0.039473684210526314
2024-06-24,76,52,4,0.05263157894736842
2024-06-24,76,53,2,0.02631578947368421
2024-06-24,76,54,2,0.02631578947368421
2024-06-24,76,55,1,0.013157894736842105
2024-06-24,76,56,1,0.013157894736842105
2024-06-24,76,57,0,0.0
2024-06-24,76,58,2,0.02631578947368421
2024-06-24,76,59,2,0.02631578947368421
2024-06-24,76,60,0,0.0
2024-07-01,77,0,77,1.0
2024-07-01,77,1,13,0.16883116883116883
2024-07-01,77,2,14,0.18181818181818182
2024-07-01,77,3,16,0.2077922077922078
2024-07-01,77,4,11,0.14285714285714285
2024-07-01,77,5,15,0.19480519480519481
2024-07-01,77,6,8,0.1038961038961039
2024-07-01,77,7,9,0.11688311688311688
2024-07-01,77,8,8,0.1038961038961039
2024-07-01,77,9,10,0.12987012987012986
2024-07-01,77,10,5,0.06493506493506493
2024-07-01,77,11,12,0.15584415584415584
2024-07-01,77,12,6,0.07792207792207792
2024-07-01,77,13,13,0.16883116883116883
2024-07-01,77,14,4,0.05194805194805195
2024-07-01,77,15,9,0.11688311688311688
2024-07-01,77,16,8,0.1038961038961039
2024-07-01,77,17,4,0.05194805194805195
2024-07-01,77,18,10,0.12987012987012986
2024-07-01,77,19,8,0.1038961038961039
2024-07-01,77,20,6,0.07792207792207792
2024-07-01,77,21,10,0.12987012987012986
2024-07-01,77,22,7,0.09090909090909091
2024-07-01,77,23,6,0.07792207792207792
2024-07-01,77,24,6,0.07792207792207792
2024-07-01,77,25,9,0.11688311688311688
2024-07-01,77,26,6,0.07792207792207792
2024-07-01,77,27,4,0.05194805194805195
2024-07-01,77,28,8,0.1038961038961039
2024-07-01,77,29,4,0.05194805194805195
2024-07-01,77,30,5,0.06493506493506493
2024-07-01,77,31,5,0.06493506493506493
2024-07-01,77,32,1,0.012987012987012988
2024-07-01,77,33,1,0.012987012987012988
2024-07-01,77,34,4,0.05194805194805195
2024-07-01,77,35,4,0.05194805194805195
2024-07-01,77,36,5,0.06493506493506493
2024-07-01,77,37,3,0.03896103896103896
2024-07-01,77,38,3,0.03896103896103896
2024-07-01,77,39,5,0.06493506493506493
2024-07-01,77,40,5,0.06493506493506493
2024-07-01,77,41,8,0.1038961038961039
2024-07-01,77,42,0,0.0
2024-07-01,77,43,1,0.012987012987012988
2024-07-01,77,44,1,0.012987012987012988
2024-07-01,77,45,1,0.012987012987012988
2024-07-01,77,46,2,0.025974025974025976
2024-07-01,77,47,5,0.06493506493506493
2024-07-01,77,48,2,0.025974025974025976
2024-07-01,77,49,3,0.03896103896103896
2024-07-01,77,50,3,0.03896103896103896
2024-07-01,77,51,0,0.0
2024-07-01,77,52,3,0.03896103896103896
2024-07-01,77,53,1,0.012987012987012988
2024-07-01,77,54,3,0.03896103896103896
2024-07-01,77,55,1,0.012987012987012988
2024-07-01,77,56,3,0.03896103896103896
2024-07-01,77,57,0,0.0
2024-07-01,77,58,1,0.012987012987012988
2024-07-01,77,59,1,0.012987012987012988
2024-07-01,77,60,1,0.012987012987012988
2024-07-08,73,0,73,1.0
2024-07-08,73,1,11,0.1506849315068493
2024-07-08,73,2,11,0.1506849315068493
2024-07-08,73,3,16,0.2191780821917808
2024-07-08,73,4,15,0.2054794520547945
2024-07-08,73,5,16,0.2191780821917808
2024-07-08,73,6,20,0.273972602739726
2024-07-08,73,7,12,0.1643835616438356
2024-07-08,73,8,11,0.1506849315068493
2024-07-08,73,9,16,0.2191780821917808
2024-07-08,73,10,12,0.1643835616438356
2024-07-08,73,11,9,0.1232876712328767
2024-07-08,73,12,12,0.1643835616438356
2024-07-08,73,13,12,0.1643835616438356
2024-07-08,73,14,9,0.1232876712328767
2024-07-08,73,15,10,0.136986301369863
2024-07-08,73,16,7,0.0958904109589041
2024-07-08,73,17,11,0.1506849315068493
2024-07-08,73,18,9,0.1232876712328767
2024-07-08,73,19,5,0.0684931506849315
2024-07-08,73,20,9,0.1232876712328767
2024-07-08,73,21,8,0.1095890410958904
2024-07-08,73,22,2,0.0273972602739726
2024-07-08,73,23,9,0.1232876712328767
2024-07-08,73,24,9,0.1232876712328767
2024-07-08,73,25,8,0.1095890410958904
2024-07-08,73,26,3,0.0410958904109589
2024-07-08,73,27,7,0.0958904109589041
2024-07-08,73,28,7,0.0958904109589041
2024-07-08,73,29,4,0.0547945205479452
2024-07-08,73,30,2,0.0273972602739726
2024-07-08,73,31,5,0.0684931506849315
2024-07-08,73,32,2,0.0273972602739726
2024-07-08,73,33,2,0.0273972602739726
2024-07-08,73,34,4,0.0547945205479452
2024-07-08,73,35,3,0.0410958904109589
2024-07-08,73,36,9,0.1232876712328767
2024-07-08,73,37,6,0.0821917808219178
2024-07-08,73,38,4,0.0547945205479452
2024-07-08,73,39,1,0.0136986301369863
2024-07-08,73,40,5,0.0684931506849315
2024-07-08,73,41,2,0.0273972602739726
2024-07-08,73,42,1,0.0136986301369863
2024-07-08,73,43,2,0.0273972602739726
2024-07-08,73,44,5,0.0684931506849315
2024-07-08,73,45,4,0.0547945205479452
2024-07-08,73,46,2,0.0273972602739726
2024-07-08,73,47,3,0.0410958904109589
2024-07-08,73,48,2,0.0273972602739726
2024-07-08,73,49,6,0.0821917808219178
2024-07-08,73,50,1,0.0136986301369863
2024-07-08,73,51,4,0.0547945205479452
2024-07-08,73,52,4,0.0547945205479452
2024-07-08,73,53,2,0.0273972602739726
2024-07-08,73,54,0,0.0
2024-07-08,73,55,2,0.0273972602739726
2024-07-08,73,56,3,0.0410958904109589
2024-07-08,73,57,3,0.0410958904109589
2024-07-08,73,58,2,0.0273972602739726
2024-07-08,73,59,1,0.0136986301369863
2024-07-08,73,60,2,0.0273972602739726
2024-07-15,76,0,76,1.0
2024-07-15,76,1,11,0.14473684210526316
2024-07-15,76,2,16,0.21052631578947367
2024-07-15,76,3,9,0.11842105263157894
2024-07-15,76,4,8,0.10526315789473684
2024-07-15,76,5,6,0.07894736842105263
2024-07-15,76,6,6,0.07894736842105263
2024-07-15,76,7,11,0.14473684210526316
2024-07-15,76,8,8,0.10526315789473684
2024-07-15,76,9,8,0.10526315789473684
2024-07-15,76,10,10,0.13157894736842105
2024-07-15,76,11,9,0.11842105263157894
2024-07-15,76,12,9,0.11842105263157894
2024-07-15,76,13,9,0.11842105263157894
2024-07-15,76,14,6,0.07894736842105263
2024-07-15,76,15,5,0.06578947368421052
2024-07-15,76,16,6,0.07894736842105263
2024-07-15,76,17,8,0.10526315789473684
2024-07-15,76,18,5,0.06578947368421052
2024-07-15,76,19,16,0.21052631578947367
2024-07-15,76,20,8,0.10526315789473684
2024-07-15,76,21,5,0.06578947368421052
2024-07-15,76,22,8,0.10526315789473684
2024-07-15,76,23,6,0.07894736842105263
2024-07-15,76,24,8,0.10526315789473684
2024-07-15,76,25,5,0.06578947368421052
2024-07-15,76,26,4,0.05263157894736842
2024-07-15,76,27,7,0.09210526315789473
2024-07-15,76,28,8,0.10526315789473684
2024-07-15,76,29,10,0.13157894736842105
2024-07-15,76,30,3,0.039473684210526314
2024-07-15,76,31,6,0.07894736842105263
2024-07-15,76,32,3,0.039473684210526314
2024-07-15,76,33,4,0.05263157894736842
2024-07-15,76,34,1,0.013157894736842105
2024-07-15,76,35,3,0.039473684210526314
2024-07-15,76,36,3,0.039473684210526314
2024-07-15,76,37,2,0.02631578947368421
2024-07-15,76,38,3,0.039473684210526314
2024-07-15,76,39,3,0.039473684210526314
2024-07-15,76,40,4,0.05263157894736842
2024-07-15,76,41,4,0.05263157894736842
2024-07-15,76,42,4,0.05263157894736842
2024-07-15,76,43,1,0.013157894736842105
2024-07-15,76,44,2,0.02631578947368421
2024-07-15,76,45,5,0.06578947368421052
2024-07-15,76,46,2,0.02631578947368421
2024-07-15,76,47,1,0.013157894736842105
2024-07-15,76,48,2,0.02631578947368421
2024-07-15,76,49,2,0.02631578947368421
2024-07-15,76,50,1,0.013157894736842105
2024-07-15,76,51,3,0.039473684210526314
2024-07-15,76,52,2,0.02631578947368421
2024-07-15,76,53,2,0.02631578947368421
2024-07-15,76,54,2,0.02631578947368421
2024-07-15,76,55,2,0.02631578947368421
2024-07-15,76,56,2,0.02631578947368421
2024-07-15,76,57,1,0.013157894736842105
2024-07-15,76,58,0,0.0
2024-07-15,76,59,3,0.039473684210526314
2024-07-15,76,60,1,0.013157894736842105
2024-07-22,79,0,79,1.0
2024-07-22,79,1,10,0.12658227848101267
2024-07-22,79,2,17,0.21518987341772153
2024-07-22,79,3,15,0.189873417721519
2024-07-22,79,4,16,0.20253164556962025
2024-07-22,79,5,13,0.16455696202531644
2024-07-22,79,6,11,0.13924050632911392
2024-07-22,79,7,14,0.17721518987341772
2024-07-22,79,8,9,0.11392405063291139
2024-07-22,79,9,5,0.06329113924050633
2024-07-22,79,10,5,0.06329113924050633
2024-07-22,79,11,10,0.12658227848101267
2024-07-22,79,12,8,0.10126582278481013
2024-07-22,79,13,6,0.0759493670886076
2024-07-22,79,14,9,0.11392405063291139
2024-07-22,79,15,10,0.12658227848101267
2024-07-22,79,16,6,0.0759493670886076
2024-07-22,79,17,6,0.0759493670886076
2024-07-22,79,18,7,0.08860759493670886
2024-07-22,79,19,4,0.05063291139240506
2024-07-22,79,20,3,0.0379746835443038
2024-07-22,79,21,2,0.02531645569620253
2024-07-22,79,22,5,0.06329113924050633
2024-07-22,79,23,7,0.08860759493670886
2024-07-22,79,24,4,0.05063291139240506
2024-07-22,79,25,8,0.10126582278481013
2024-07-22,79,26,2,0.02531645569620253
2024-07-22,79,27,6,0.0759493670886076
2024-07-22,79,28,4,0.05063291139240506
2024-07-22,79,29,2,0.02531645569620253
2024-07-22,79,30,5,0.06329113924050633
2024-07-22,79,31,5,0.06329113924050633
2024-07-22,79,32,5,0.06329113924050633
2024-07-22,79,33,5,0.06329113924050633
2024-07-22,79,34,2,0.02531645569620253
2024-07-22,79,35,4,0.05063291139240506
2024-07-22,79,36,3,0.0379746835443038
2024-07-22,79,37,4,0.05063291139240506
2024-07-22,79,38,1,0.012658227848101266
2024-07-22,79,39,1,0.012658227848101266
2024-07-22,79,40,1,0.012658227848101266
2024-07-22,79,41,2,0.02531645569620253
2024-07-22,79,42,1,0.012658227848101266
2024-07-22,79,43,1,0.012658227848101266
2024-07-22,79,44,2,0.02531645569620253
2024-07-22,79,45,2,0.02531645569620253
2024-07-22,79,46,1,0.012658227848101266
2024-07-22,79,47,0,0.0
2024-07-22,79,48,2,0.02531645569620253
2024-07-22,79,49,3,0.0379746835443038
2024-07-22,79,50,3,0.0379746835443038
2024-07-22,79,51,1,0.012658227848101266
2024-07-22,79,52,3,0.0379746835443038
2024-07-22,79,53,1,0.012658227848101266
2024-07-22,79,54,0,0.0
2024-07-22,79,55,1,0.012658227848101266
2024-07-22,79,56,1,0.012658227848101266
2024-07-22,79,57,0,0.0
2024-07-22,79,58,1,0.012658227848101266
2024-07-22,79,59,0,0.0
2024-07-22,79,60,1,0.012658227848101266
2024-07-29,86,0,86,1.0
2024-07-29,86,1,21,0.2441860465116279
2024-07-29,86,2,16,0.18604651162790697
2024-07-29,86,3,18,0.20930232558139536
2024-07-29,86,4,16,0.18604651162790697
2024-07-29,86,5,16,0.18604651162790697
2024-07-29,86,6,23,0.26744186046511625
2024-07-29,86,7,23,0.26744186046511625
2024-07-29,86,8,16,0.18604651162790697
2024-07-29,86,9,10,0.11627906976744186
2024-07-29,86,10,14,0.16279069767441862
2024-07-29,86,11,10,0.11627906976744186
2024-07-29,86,12,14,0.16279069767441862
2024-07-29,86,13,11,0.12790697674418605
2024-07-29,86,14,9,0.10465116279069768
2024-07-29,86,15,9,0.10465116279069768
2024-07-29,86,16,10,0.11627906976744186
2024-07-29,86,17,9,0.10465116279069768
2024-07-29,86,18,10,0.11627906976744186
2024-07-29,86,19,12,0.13953488372093023
2024-07-29,86,20,11,0.12790697674418605
2024-07-29,86,21,7,0.08139534883720931
2024-07-29,86,22,10,0.11627906976744186
2024-07-29,86,23,8,0.09302325581395349
2024-07-29,86,24,8,0.09302325581395349
2024-07-29,86,25,5,0.05813953488372093
2024-07-29,86,26,1,0.011627906976744186
2024-07-29,86,27,5,0.05813953488372093
2024-07-29,86,28,9,0.10465116279069768
2024-07-29,86,29,6,0.06976744186046512
2024-07-29,86,30,2,0.023255813953488372
2024-07-29,86,31,6,0.06976744186046512
2024-07-29,86,32,4,0.046511627906976744
2024-07-29,86,33,5,0.05813953488372093
2024-07-29,86,34,5,0.05813953488372093
2024-07-29,86,35,4,0.046511627906976744
2024-07-29,86,36,3,0.03488372093023256
2024-07-29,86,37,8,0.09302325581395349
2024-07-29,86,38,8,0.09302325581395349
2024-07-29,86,39,4,0.046511627906976744
2024-07-29,86,40,3,0.03488372093023256
2024-07-29,86,41,6,0.06976744186046512
2024-07-29,86,42,4,0.046511627906976744
2024-07-29,86,43,5,0.05813953488372093
2024-07-29,86,44,3,0.03488372093023256
2024-07-29,86,45,2,0.023255813953488372
2024-07-29,86,46,7,0.08139534883720931
2024-07-29,86,47,2,0.023255813953488372
2024-07-29,86,48,1,0.011627906976744186
2024-07-29,86,49,3,0.03488372093023256
2024-07-29,86,50,3,0.03488372093023256
2024-07-29,86,51,3,0.03488372093023256
2024-07-29,86,52,4,0.046511627906976744
2024-07-29,86,53,3,0.03488372093023256
2024-07-29,86,54,3,0.03488372093023256
2024-07-29,86,55,2,0.023255813953488372
2024-07-29,86,56,2,0.023255813953488372
2024-07-29,86,57,0,0.0
2024-07-29,86,58,2,0.023255813953488372
2024-07-29,86,59,3,0.03488372093023256
2024-07-29,86,60,2,0.023255813953488372
2024-08-05,83,0,83,1.0
2024-08-05,83,1,13,0.1566265060240964
2024-08-05,83,2,17,0.20481927710843373
2024-08-05,83,3,13,0.1566265060240964
2024-08-05,83,4,11,0.13253012048192772
2024-08-05,83,5,16,0.1927710843373494
2024-08-05,83,6,15,0.18072289156626506
2024-08-05,83,7,11,0.13253012048192772
2024-08-05,83,8,14,0.1686746987951807
2024-08-05,83,9,11,0.13253012048192772
2024-08-05,83,10,10,0.12048192771084337
2024-08-05,83,11,3,0.03614457831325301
2024-08-05,83,12,10,0.12048192771084337
2024-08-05,83,13,12,0.14457831325301204
2024-08-05,83,14,11,0.13253012048192772
2024-08-05,83,15,11,0.13253012048192772
2024-08-05,83,16,12,0.14457831325301204
2024-08-05,83,17,4,0.04819277108433735
2024-08-05,83,18,7,0.08433734939759036
2024-08-05,83,19,14,0.1686746987951807
2024-08-05,83,20,9,0.10843373493975904
2024-08-05,83,21,4,0.04819277108433735
2024-08-05,83,22,7,0.08433734939759036
2024-08-05,83,23,8,0.0963855421686747
2024-08-05,83,24,7,0.08433734939759036
2024-08-05,83,25,11,0.13253012048192772
2024-08-05,83,26,5,0.060240963855421686
2024-08-05,83,27,9,0.10843373493975904
2024-08-05,83,28,8,0.0963855421686747
2024-08-05,83,29,6,0.07228915662650602
2024-08-05,83,30,7,0.08433734939759036
2024-08-05,83,31,8,0.0963855421686747
2024-08-05,83,32,6,0.07228915662650602
2024-08-05,83,33,3,0.03614457831325301
2024-08-05,83,34,4,0.04819277108433735
2024-08-05,83,35,10,0.12048192771084337
2024-08-05,83,36,3,0.03614457831325301
2024-08-05,83,37,3,0.03614457831325301
2024-08-05,83,38,5,0.060240963855421686
2024-08-05,83,39,7,0.08433734939759036
2024-08-05,83,40,5,0.060240963855421686
2024-08-05,83,41,5,0.060240963855421686
2024-08-05,83,42,3,0.03614457831325301
2024-08-05,83,43,6,0.07228915662650602
2024-08-05,83,44,5,0.060240963855421686
2024-08-05,83,45,5,0.060240963855421686
2024-08-05,83,46,7,0.08433734939759036
2024-08-05,83,47,3,0.03614457831325301
2024-08-05,83,48,4,0.04819277108433735
2024-08-05,83,49,2,0.024096385542168676
2024-08-05,83,50,3,0.03614457831325301
2024-08-05,83,51,4,0.04819277108433735
2024-08-05,83,52,3,0.03614457831325301
2024-08-05,83,53,2,0.024096385542168676
2024-08-05,83,54,3,0.03614457831325301
2024-08-05,83,55,3,0.03614457831325301
2024-08-05,83,56,5,0.060240963855421686
2024-08-05,83,57,2,0.024096385542168676
2024-08-05,83,58,2,0.024096385542168676
2024-08-05,83,59,1,0.012048192771084338
2024-08-05,83,60,3,0.03614457831325301
2024-08-12,92,0,92,1.0
2024-08-12,92,1,15,0.16304347826086957
2024-08-12,92,2,22,0.2391304347826087
2024-08-12,92,3,20,0.21739130434782608
2024-08-12,92,4,18,0.1956521739130435
2024-08-12,92,5,18,0.1956521739130435
2024-08-12,92,6,16,0.17391304347826086
2024-08-12,92,7,19,0.20652173913043478
2024-08-12,92,8,12,0.13043478260869565
2024-08-12,92,9,19,0.20652173913043478
2024-08-12,92,10,13,0.14130434782608695
2024-08-12,92,11,10,0.10869565217391304
2024-08-12,92,12,13,0.14130434782608695
2024-08-12,92,13,7,0.07608695652173914
2024-08-12,92,14,10,0.10869565217391304
2024-08-12,92,15,12,0.13043478260869565
2024-08-12,92,16,9,0.09782608695652174
2024-08-12,92,17,12,0.13043478260869565
2024-08-12,92,18,6,0.06521739130434782
2024-08-12,92,19,8,0.08695652173913043
2024-08-12,92,20,6,0.06521739130434782
2024-08-12,92,21,11,0.11956521739130435
2024-08-12,92,22,7,0.07608695652173914
2024-08-12,92,23,9,0.09782608695652174
2024-08-12,92,24,13,0.14130434782608695
2024-08-12,92,25,5,0.05434782608695652
2024-08-12,92,26,11,0.11956521739130435
2024-08-12,92,27,8,0.08695652173913043
2024-08-12,92,28,9,0.09782608695652174
2024-08-12,92,29,10,0.10869565217391304
2024-08-12,92,30,3,0.03260869565217391
2024-08-12,92,31,11,0.11956521739130435
2024-08-12,92,32,7,0.07608695652173914
2024-08-12,92,33,4,0.043478260869565216
2024-08-12,92,34,9,0.09782608695652174
2024-08-12,92,35,7,0.07608695652173914
2024-08-12,92,36,5,0.05434782608695652
2024-08-12,92,37,7,0.07608695652173914
2024-08-12,92,38,5,0.05434782608695652
2024-08-12,92,39,5,0.05434782608695652
2024-08-12,92,40,3,0.03260869565217391
2024-08-12,92,41,5,0.05434782608695652
2024-08-12,92,42,5,0.05434782608695652
2024-08-12,92,43,3,0.03260869565217391
2024-08-12,92,44,4,0.043478260869565216
2024-08-12,92,45,2,0.021739130434782608
2024-08-12,92,46,3,0.03260869565217391
2024-08-12,92,47,4,0.043478260869565216
2024-08-12,92,48,5,0.05434782608695652
2024-08-12,92,49,1,0.010869565217391304
2024-08-12,92,50,3,0.03260869565217391
2024-08-12,92,51,5,0.05434782608695652
2024-08-12,92,52,4,0.043478260869565216
2024-08-12,92,53,3,0.03260869565217391
2024-08-12,92,54,3,0.03260869565217391
2024-08-12,92,55,7,0.07608695652173914
2024-08-12,92,56,0,0.0
2024-08-12,92,57,3,0.03260869565217391
2024-08-12,92,58,1,0.010869565217391304
2024-08-12,92,59,2,0.021739130434782608
2024-08-12,92,60,1,0.010869565217391304
2024-08-19,86,0,86,1.0
2024-08-19,86,1,20,0.23255813953488372
2024-08-19,86,2,13,0.1511627906976744
2024-08-19,86,3,17,0.19767441860465115
2024-08-19,86,4,13,0.1511627906976744
2024-08-19,86,5,14,0.16279069767441862
2024-08-19,86,6,16,0.18604651162790697
2024-08-19,86,7,11,0.12790697674418605
2024-08-19,86,8,15,0.1744186046511628
2024-08-19,86,9,12,0.13953488372093023
2024-08-19,86,10,15,0.1744186046511628
2024-08-19,86,11,7,0.08139534883720931
2024-08-19,86,12,6,0.06976744186046512
2024-08-19,86,13,10,0.11627906976744186
2024-08-19,86,14,9,0.10465116279069768
2024-08-19,86,15,10,0.11627906976744186
2024-08-19,86,16,10,0.11627906976744186
2024-08-19,86,17,7,0.08139534883720931
2024-08-19,86,18,10,0.11627906976744186
2024-08-19,86,19,8,0.09302325581395349
2024-08-19,86,20,8,0.09302325581395349
2024-08-19,86,21,12,0.13953488372093023
2024-08-19,86,22,9,0.10465116279069768
2024-08-19,86,23,4,0.046511627906976744
2024-08-19,86,24,8,0.09302325581395349
2024-08-19,86,25,9,0.10465116279069768
2024-08-19,86,26,7,0.08139534883720931
2024-08-19,86,27,11,0.12790697674418605
2024-08-19,86,28,6,0.06976744186046512
2024-08-19,86,29,5,0.05813953488372093
2024-08-19,86,30,6,0.06976744186046512
2024-08-19,86,31,7,0.08139534883720931
2024-08-19,86,32,6,0.06976744186046512
2024-08-19,86,33,15,0.1744186046511628
2024-08-19,86,34,7,0.08139534883720931
2024-08-19,86,35,5,0.05813953488372093
2024-08-19,86,36,2,0.023255813953488372
2024-08-19,86,37,3,0.03488372093023256
2024-08-19,86,38,5,0.05813953488372093
2024-08-19,86,39,4,0.046511627906976744
2024-08-19,86,40,10,0.11627906976744186
2024-08-19,86,41,1,0.011627906976744186
2024-08-19,86,42,3,0.03488372093023256
2024-08-19,86,43,8,0.09302325581395349
2024-08-19,86,44,4,0.046511627906976744
2024-08-19,86,45,5,0.05813953488372093
2024-08-19,86,46,4,0.046511627906976744
2024-08-19,86,47,6,0.06976744186046512
2024-08-19,86,48,4,0.046511627906976744
2024-08-19,86,49,3,0.03488372093023256
2024-08-19,86,50,6,0.06976744186046512
2024-08-19,86,51,2,0.023255813953488372
2024-08-19,86,52,4,0.046511627906976744
2024-08-19,86,53,1,0.011627906976744186
2024-08-19,86,54,2,0.023255813953488372
2024-08-19,86,55,5,0.05813953488372093
2024-08-19,86,56,4,0.046511627906976744
2024-08-19,86,57,4,0.046511627906976744
2024-08-19,86,58,0,0.0
2024-08-19,86,59,2,0.023255813953488372
2024-08-19,86,60,4,0.046511627906976744
2024-08-26,106,0,106,1.0
2024-08-26,106,1,24,0.22641509433962265
2024-08-26,106,2,22,0.20754716981132076
2024-08-26,106,3,23,0.2169811320754717
2024-08-26,106,4,18,0.16981132075471697
2024-08-26,106,5,17,0.16037735849056603
2024-08-26,106,6,23,0.2169811320754717
2024-08-26,106,7,20,0.18867924528301888
2024-08-26,106,8,17,0.16037735849056603
2024-08-26,106,9,11,0.10377358490566038
2024-08-26,106,10,15,0.14150943396226415
2024-08-26,106,11,11,0.10377358490566038
2024-08-26,106,12,10,0.09433962264150944
2024-08-26,106,13,10,0.09433962264150944
2024-08-26,106,14,8,0.07547169811320754
2024-08-26,106,15,18,0.16981132075471697
2024-08-26,106,16,7,0.0660377358490566
2024-08-26,106,17,18,0.16981132075471697
2024-08-26,106,18,12,0.11320754716981132
2024-08-26,106,19,4,0.03773584905660377
2024-08-26,106,20,6,0.05660377358490566
2024-08-26,106,21,8,0.07547169811320754
2024-08-26,106,22,13,0.12264150943396226
2024-08-26,106,23,9,0.08490566037735849
2024-08-26,106,24,11,0.10377358490566038
2024-08-26,106,25,8,0.07547169811320754
2024-08-26,106,26,10,0.09433962264150944
2024-08-26,106,27,7,0.0660377358490566
2024-08-26,106,28,6,0.05660377358490566
2024-08-26,106,29,6,0.05660377358490566
2024-08-26,106,30,6,0.05660377358490566
2024-08-26,106,31,4,0.03773584905660377
2024-08-26,106,32,4,0.03773584905660377
2024-08-26,106,33,6,0.05660377358490566
2024-08-26,106,34,4,0.03773584905660377
2024-08-26,106,35,10,0.09433962264150944
2024-08-26,106,36,6,0.05660377358490566
2024-08-26,106,37,5,0.04716981132075472
2024-08-26,106,38,3,0.02830188679245283
2024-08-26,106,39,4,0.03773584905660377
2024-08-26,106,40,5,0.04716981132075472
2024-08-26,106,41,4,0.03773584905660377
2024-08-26,106,42,3,0.02830188679245283
2024-08-26,106,43,4,0.03773584905660377
2024-08-26,106,44,6,0.05660377358490566
2024-08-26,106,45,5,0.04716981132075472
2024-08-26,106,46,7,0.0660377358490566
2024-08-26,106,47,3,0.02830188679245283
2024-08-26,106,48,4,0.03773584905660377
2024-08-26,106,49,3,0.02830188679245283
2024-08-26,106,50,5,0.04716981132075472
2024-08-26,106,51,7,0.0660377358490566
2024-08-26,106,52,1,0.009433962264150943
2024-08-26,106,53,2,0.018867924528301886
2024-08-26,106,54,4,0.03773584905660377
2024-08-26,106,55,1,0.009433962264150943
2024-08-26,106,56,5,0.04716981132075472
2024-08-26,106,57,3,0.02830188679245283
2024-08-26,106,58,3,0.02830188679245283
2024-08-26,106,59,3,0.02830188679245283
2024-08-26,106,60,4,0.03773584905660377
2024-09-02,80,0,80,1.0
2024-09-02,80,1,16,0.2
2024-09-02,80,2,13,0.1625
2024-09-02,80,3,17,0.2125
2024-09-02,80,4,17,0.2125
2024-09-02,80,5,10,0.125
2024-09-02,80,6,14,0.175
2024-09-02,80,7,11,0.1375
2024-09-02,80,8,13,0.1625
2024-09-02,80,9,5,0.0625
2024-09-02,80,10,14,0.175
2024-09-02,80,11,15,0.1875
2024-09-02,80,12,11,0.1375
2024-09-02,80,13,9,0.1125
2024-09-02,80,14,11,0.1375
2024-09-02,80,15,9,0.1125
2024-09-02,80,16,5,0.0625
2024-09-02,80,17,11,0.1375
2024-09-02,80,18,10,0.125
2024-09-02,80,19,8,0.1
2024-09-02,80,20,7,0.0875
2024-09-02,80,21,11,0.1375
2024-09-02,80,22,9,0.1125
2024-09-02,80,23,6,0.075
2024-09-02,80,24,2,0.025
2024-09-02,80,25,3,0.0375
2024-09-02,80,26,6,0.075
2024-09-02,80,27,5,0.0625
2024-09-02,80,28,11,0.1375
2024-09-02,80,29,8,0.1
2024-09-02,80,30,5,0.0625
2024-09-02,80,31,3,0.0375
2024-09-02,80,32,4,0.05
2024-09-02,80,33,7,0.0875
2024-09-02,80,34,6,0.075
2024-09-02,80,35,4,0.05
2024-09-02,80,36,6,0.075
2024-09-02,80,37,6,0.075
2024-09-02,80,38,0,0.0
2024-09-02,80,39,3,0.0375
2024-09-02,80,40,8,0.1
2024-09-02,80,41,4,0.05
2024-09-02,80,42,1,0.0125
2024-09-02,80,43,4,0.05
2024-09-02,80,44,2,0.025
2024-09-02,80,45,2,0.025
2024-09-02,80,46,2,0.025
2024-09-02,80,47,2,0.025
2024-09-02,80,48,2,0.025
2024-09-02,80,49,2,0.025
2024-09-02,80,50,2,0.025
2024-09-02,80,51,4,0.05
2024-09-02,80,52,5,0.0625
2024-09-02,80,53,4,0.05
2024-09-02,80,54,0,0.0
2024-09-02,80,55,3,0.0375
2024-09-02,80,56,1,0.0125
2024-09-02,80,57,4,0.05
2024-09-02,80,58,5,0.0625
2024-09-02,80,59,1,0.0125
2024-09-02,80,60,0,0.0
2024-09-09,78,0,78,1.0
2024-09-09,78,1,14,0.1794871794871795
2024-09-09,78,2,13,0.16666666666666666
2024-09-09,78,3,17,0.21794871794871795
2024-09-09,78,4,9,0.11538461538461539
2024-09-09,78,5,16,0.20512820512820512
2024-09-09,78,6,12,0.15384615384615385
2024-09-09,78,7,16,0.20512820512820512
2024-09-09,78,8,13,0.16666666666666666
2024-09-09,78,9,9,0.11538461538461539
2024-09-09,78,10,8,0.10256410256410256
2024-09-09,78,11,9,0.11538461538461539
2024-09-09,78,12,16,0.20512820512820512
2024-09-09,78,13,8,0.10256410256410256
2024-09-09,78,14,9,0.11538461538461539
2024-09-09,78,15,11,0.14102564102564102
2024-09-09,78,16,6,0.07692307692307693
2024-09-09,78,17,13,0.16666666666666666
2024-09-09,78,18,8,0.10256410256410256
2024-09-09,78,19,4,0.05128205128205128
2024-09-09,78,20,9,0.11538461538461539
2024-09-09,78,21,7,0.08974358974358974
2024-09-09,78,22,2,0.02564102564102564
2024-09-09,78,23,3,0.038461538461538464
2024-09-09,78,24,5,0.0641025641025641
2024-09-09,78,25,9,0.11538461538461539
2024-09-09,78,26,6,0.07692307692307693
2024-09-09,78,27,7,0.08974358974358974
2024-09-09,78,28,5,0.0641025641025641
2024-09-09,78,29,6,0.07692307692307693
2024-09-09,78,30,5,0.0641025641025641
2024-09-09,78,31,10,0.1282051282051282
2024-09-09,78,32,3,0.038461538461538464
2024-09-09,78,33,3,0.038461538461538464
2024-09-09,78,34,6,0.07692307692307693
2024-09-09,78,35,9,0.11538461538461539
2024-09-09,78,36,3,0.038461538461538464
2024-09-09,78,37,3,0.038461538461538464
2024-09-09,78,38,3,0.038461538461538464
2024-09-09,78,39,4,0.05128205128205128
2024-09-09,78,40,2,0.02564102564102564
2024-09-09,78,41,2,0.02564102564102564
2024-09-09,78,42,4,0.05128205128205128
2024-09-09,78,43,4,0.05128205128205128
2024-09-09,78,44,4,0.05128205128205128
2024-09-09,78,45,3,0.038461538461538464
2024-09-09,78,46,3,0.038461538461538464
2024-09-09,78,47,2,0.02564102564102564
2024-09-09,78,48,2,0.02564102564102564
2024-09-09,78,49,2,0.02564102564102564
2024-09-09,78,50,2,0.02564102564102564
2024-09-09,78,51,3,0.038461538461538464
2024-09-09,78,52,5,0.0641025641025641
2024-09-09,78,53,1,0.01282051282051282
2024-09-09,78,54,5,0.0641025641025641
2024-09-09,78,55,4,0.05128205128205128
2024-09-09,78,56,0,0.0
2024-09-09,78,57,2,0.02564102564102564
2024-09-09,78,58,3,0.038461538461538464
2024-09-09,78,59,3,0.038461538461538464
2024-09-09,78,60,2,0.02564102564102564
2024-09-16,85,0,85,1.0
2024-09-16,85,1,18,0.21176470588235294
2024-09-16,85,2,17,0.2
2024-09-16,85,3,18,0.21176470588235294
2024-09-16,85,4,21,0.24705882352941178
2024-09-16,85,5,13,0.15294117647058825
2024-09-16,85,6,16,0.18823529411764706
2024-09-16,85,7,13,0.15294117647058825
2024-09-16,85,8,9,0.10588235294117647
2024-09-16,85,9,9,0.10588235294117647
2024-09-16,85,10,8,0.09411764705882353
2024-09-16,85,11,12,0.1411764705882353
2024-09-16,85,12,7,0.08235294117647059
2024-09-16,85,13,10,0.11764705882352941
2024-09-16,85,14,5,0.058823529411764705
2024-09-16,85,15,11,0.12941176470588237
2024-09-16,85,16,7,0.08235294117647059
2024-09-16,85,17,9,0.10588235294117647
2024-09-16,85,18,8,0.09411764705882353
2024-09-16,85,19,9,0.10588235294117647
2024-09-16,85,20,8,0.09411764705882353
2024-09-16,85,21,10,0.11764705882352941
2024-09-16,85,22,6,0.07058823529411765
2024-09-16,85,23,8,0.09411764705882353
2024-09-16,85,24,3,0.03529411764705882
2024-09-16,85,25,6,0.07058823529411765
2024-09-16,85,26,6,0.07058823529411765
2024-09-16,85,27,6,0.07058823529411765
2024-09-16,85,28,7,0.08235294117647059
2024-09-16,85,29,7,0.08235294117647059
2024-09-16,85,30,4,0.047058823529411764
2024-09-16,85,31,7,0.08235294117647059
2024-09-16,85,32,3,0.03529411764705882
2024-09-16,85,33,4,0.047058823529411764
2024-09-16,85,34,6,0.07058823529411765
2024-09-16,85,35,3,0.03529411764705882
2024-09-16,85,36,4,0.047058823529411764
2024-09-16,85,37,4,0.047058823529411764
2024-09-16,85,38,9,0.10588235294117647
2024-09-16,85,39,3,0.03529411764705882
2024-09-16,85,40,4,0.047058823529411764
2024-09-16,85,41,6,0.07058823529411765
2024-09-16,85,42,4,0.047058823529411764
2024-09-16,85,43,2,0.023529411764705882
2024-09-16,85,44,3,0.03529411764705882
2024-09-16,85,45,4,0.047058823529411764
2024-09-16,85,46,2,0.023529411764705882
2024-09-16,85,47,5,0.058823529411764705
2024-09-16,85,48,4,0.047058823529411764
2024-09-16,85,49,2,0.023529411764705882
2024-09-16,85,50,4,0.047058823529411764
2024-09-16,85,51,1,0.011764705882352941
2024-09-16,85,52,3,0.03529411764705882
2024-09-16,85,53,3,0.03529411764705882
2024-09-16,85,54,1,0.011764705882352941
2024-09-16,85,55,3,0.03529411764705882
2024-09-16,85,56,2,0.023529411764705882
2024-09-16,85,57,1,0.011764705882352941
2024-09-16,85,58,4,0.047058823529411764
2024-09-16,85,59,1,0.011764705882352941
2024-09-16,85,60,0,0.0
2024-09-23,74,0,74,1.0
2024-09-23,74,1,15,0.20270270270270271
2024-09-23,74,2,19,0.25675675675675674
2024-09-23,74,3,16,0.21621621621621623
2024-09-23,74,4,15,0.20270270270270271
2024-09-23,74,5,11,0.14864864864864866
2024-09-23,74,6,12,0.16216216216216217
2024-09-23,74,7,14,0.1891891891891892
2024-09-23,74,8,12,0.16216216216216217
2024-09-23,74,9,12,0.16216216216216217
2024-09-23,74,10,11,0.14864864864864866
2024-09-23,74,11,10,0.13513513513513514
2024-09-23,74,12,11,0.14864864864864866
2024-09-23,74,13,10,0.13513513513513514
2024-09-23,74,14,11,0.14864864864864866
2024-09-23,74,15,11,0.14864864864864866
2024-09-23,74,16,9,0.12162162162162163
2024-09-23,74,17,8,0.10810810810810811
2024-09-23,74,18,6,0.08108108108108109
2024-09-23,74,19,9,0.12162162162162163
2024-09-23,74,20,11,0.14864864864864866
2024-09-23,74,21,6,0.08108108108108109
2024-09-23,74,22,6,0.08108108108108109
2024-09-23,74,23,2,0.02702702702702703
2024-09-23,74,24,4,0.05405405405405406
2024-09-23,74,25,6,0.08108108108108109
2024-09-23,74,26,6,0.08108108108108109
2024-09-23,74,27,5,0.06756756756756757
2024-09-23,74,28,3,0.04054054054054054
2024-09-23,74,29,7,0.0945945945945946
2024-09-23,74,30,10,0.13513513513513514
2024-09-23,74,31,4,0.05405405405405406
2024-09-23,74,32,8,0.10810810810810811
2024-09-23,74,33,3,0.04054054054054054
2024-09-23,74,34,4,0.05405405405405406
2024-09-23,74,35,6,0.08108108108108109
2024-09-23,74,36,3,0.04054054054054054
2024-09-23,74,37,2,0.02702702702702703
2024-09-23,74,38,6,0.08108108108108109
2024-09-23,74,39,2,0.02702702702702703
2024-09-23,74,40,6,0.08108108108108109
2024-09-23,74,41,1,0.013513513513513514
2024-09-23,74,42,1,0.013513513513513514
2024-09-23,74,43,2,0.02702702702702703
2024-09-23,74,44,6,0.08108108108108109
2024-09-23,74,45,2,0.02702702702702703
2024-09-23,74,46,1,0.013513513513513514
2024-09-23,74,47,0,0.0
2024-09-23,74,48,3,0.04054054054054054
2024-09-23,74,49,0,0.0
2024-09-23,74,50,1,0.013513513513513514
2024-09-23,74,51,4,0.05405405405405406
2024-09-23,74,52,3,0.04054054054054054
2024-09-23,74,53,3,0.04054054054054054
2024-09-23,74,54,1,0.013513513513513514
2024-09-23,74,55,4,0.05405405405405406
2024-09-23,74,56,0,0.0
2024-09-23,74,57,2,0.02702702702702703
2024-09-23,74,58,2,0.02702702702702703
2024-09-23,74,59,1,0.013513513513513514
2024-09-23,74,60,0,0.0
2024-09-30,78,0,78,1.0
2024-09-30,78,1,16,0.20512820512820512
2024-09-30,78,2,18,0.23076923076923078
2024-09-30,78,3,11,0.14102564102564102
2024-09-30,78,4,11,0.14102564102564102
2024-09-30,78,5,14,0.1794871794871795
2024-09-30,78,6,16,0.20512820512820512
2024-09-30,78,7,16,0.20512820512820512
2024-09-30,78,8,13,0.16666666666666666
2024-09-30,78,9,10,0.1282051282051282
2024-09-30,78,10,10,0.1282051282051282
2024-09-30,78,11,8,0.10256410256410256
2024-09-30,78,12,11,0.14102564102564102
2024-09-30,78,13,11,0.14102564102564102
2024-09-30,78,14,8,0.10256410256410256
2024-09-30,78,15,7,0.08974358974358974
2024-09-30,78,16,7,0.08974358974358974
2024-09-30,78,17,2,0.02564102564102564
2024-09-30,78,18,10,0.1282051282051282
2024-09-30,78,19,6,0.07692307692307693
2024-09-30,78,20,5,0.0641025641025641
2024-09-30,78,21,4,0.05128205128205128
2024-09-30,78,22,4,0.05128205128205128
2024-09-30,78,23,3,0.038461538461538464
2024-09-30,78,24,8,0.10256410256410256
2024-09-30,78,25,6,0.07692307692307693
2024-09-30,78,26,4,0.05128205128205128
2024-09-30,78,27,9,0.11538461538461539
2024-09-30,78,28,4,0.05128205128205128
2024-09-30,78,29,8,0.10256410256410256
2024-09-30,78,30,2,0.02564102564102564
2024-09-30,78,31,5,0.0641025641025641
2024-09-30,78,32,3,0.038461538461538464
2024-09-30,78,33,5,0.0641025641025641
2024-09-30,78,34,1,0.01282051282051282
2024-09-30,78,35,5,0.0641025641025641
2024-09-30,78,36,4,0.05128205128205128
2024-09-30,78,37,2,0.02564102564102564
2024-09-30,78,38,5,0.0641025641025641
2024-09-30,78,39,2,0.02564102564102564
2024-09-30,78,40,7,0.08974358974358974
2024-09-30,78,41,9,0.11538461538461539
2024-09-30,78,42,3,0.038461538461538464
2024-09-30,78,43,2,0.02564102564102564
2024-09-30,78,44,2,0.02564102564102564
2024-09-30,78,45,3,0.038461538461538464
2024-09-30,78,46,2,0.02564102564102564
2024-09-30,78,47,6,0.07692307692307693
2024-09-30,78,48,1,0.01282051282051282
2024-09-30,78,49,3,0.038461538461538464
2024-09-30,78,50,1,0.01282051282051282
2024-09-30,78,51,3,0.038461538461538464
2024-09-30,78,52,3,0.038461538461538464
2024-09-30,78,53,1,0.01282051282051282
2024-09-30,78,54,3,0.038461538461538464
2024-09-30,78,55,1,0.01282051282051282
2024-09-30,78,56,4,0.05128205128205128
2024-09-30,78,57,3,0.038461538461538464
2024-09-30,78,58,4,0.05128205128205128
2024-09-30,78,59,0,0.0
2024-09-30,78,60,3,0.038461538461538464
2024-10-07,73,0,73,1.0
2024-10-07,73,1,10,0.136986301369863
2024-10-07,73,2,15,0.2054794520547945
2024-10-07,73,3,15,0.2054794520547945
2024-10-07,73,4,17,0.2328767123287671
2024-10-07,73,5,14,0.1917808219178082
2024-10-07,73,6,15,0.2054794520547945
2024-10-07,73,7,12,0.1643835616438356
2024-10-07,73,8,14,0.1917808219178082
2024-10-07,73,9,18,0.2465753424657534
2024-10-07,73,10,10,0.136986301369863
2024-10-07,73,11,8,0.1095890410958904
2024-10-07,73,12,11,0.1506849315068493
2024-10-07,73,13,13,0.1780821917808219
2024-10-07,73,14,10,0.136986301369863
2024-10-07,73,15,7,0.0958904109589041
2024-10-07,73,16,5,0.0684931506849315
2024-10-07,73,17,11,0.1506849315068493
2024-10-07,73,18,8,0.1095890410958904
2024-10-07,73,19,10,0.136986301369863
2024-10-07,73,20,9,0.1232876712328767
2024-10-07,73,21,3,0.0410958904109589
2024-10-07,73,22,9,0.1232876712328767
2024-10-07,73,23,6,0.0821917808219178
2024-10-07,73,24,8,0.1095890410958904
2024-10-07,73,25,7,0.0958904109589041
2024-10-07,73,26,7,0.0958904109589041
2024-10-07,73,27,7,0.0958904109589041
2024-10-07,73,28,9,0.1232876712328767
2024-10-07,73,29,6,0.0821917808219178
2024-10-07,73,30,6,0.0821917808219178
2024-10-07,73,31,6,0.0821917808219178
2024-10-07,73,32,6,0.0821917808219178
2024-10-07,73,33,5,0.0684931506849315
2024-10-07,73,34,5,0.0684931506849315
2024-10-07,73,35,4,0.0547945205479452
2024-10-07,73,36,8,0.1095890410958904
2024-10-07,73,37,5,0.0684931506849315
2024-10-07,73,38,5,0.0684931506849315
2024-10-07,73,39,4,0.0547945205479452
2024-10-07,73,40,4,0.0547945205479452
2024-10-07,73,41,5,0.0684931506849315
2024-10-07,73,42,5,0.0684931506849315
2024-10-07,73,43,4,0.0547945205479452
2024-10-07,73,44,2,0.0273972602739726
2024-10-07,73,45,3,0.0410958904109589
2024-10-07,73,46,4,0.0547945205479452
2024-10-07,73,47,2,0.0273972602739726
2024-10-07,73,48,4,0.0547945205479452
2024-10-07,73,49,6,0.0821917808219178
2024-10-07,73,50,1,0.0136986301369863
2024-10-07,73,51,3,0.0410958904109589
2024-10-07,73,52,4,0.0547945205479452
2024-10-07,73,53,3,0.0410958904109589
2024-10-07,73,54,4,0.0547945205479452
2024-10-07,73,55,3,0.0410958904109589
2024-10-07,73,56,4,0.0547945205479452
2024-10-07,73,57,2,0.0273972602739726
2024-10-07,73,58,4,0.0547945205479452
2024-10-07,73,59,1,0.0136986301369863
2024-10-07,73,60,5,0.0684931506849315
2024-10-14,84,0,84,1.0
2024-10-14,84,1,13,0.15476190476190477
2024-10-14,84,2,13,0.15476190476190477
2024-10-14,84,3,16,0.19047619047619047
2024-10-14,84,4,22,0.2619047619047619
2024-10-14,84,5,11,0.13095238095238096
2024-10-14,84,6,16,0.19047619047619047
2024-10-14,84,7,13,0.15476190476190477
2024-10-14,84,8,11,0.13095238095238096
2024-10-14,84,9,8,0.09523809523809523
2024-10-14,84,10,10,0.11904761904761904
2024-10-14,84,11,9,0.10714285714285714
2024-10-14,84,12,11,0.13095238095238096
2024-10-14,84,13,9,0.10714285714285714
2024-10-14,84,14,11,0.13095238095238096
2024-10-14,84,15,8,0.09523809523809523
2024-10-14,84,16,9,0.10714285714285714
2024-10-14,84,17,6,0.07142857142857142
2024-10-14,84,18,8,0.09523809523809523
2024-10-14,84,19,8,0.09523809523809523
2024-10-14,84,20,11,0.13095238095238096
2024-10-14,84,21,8,0.09523809523809523
2024-10-14,84,22,5,0.05952380952380952
2024-10-14,84,23,8,0.09523809523809523
2024-10-14,84,24,6,0.07142857142857142
2024-10-14,84,25,6,0.07142857142857142
2024-10-14,84,26,10,0.11904761904761904
2024-10-14,84,27,11,0.13095238095238096
2024-10-14,84,28,4,0.047619047619047616
2024-10-14,84,29,8,0.09523809523809523
2024-10-14,84,30,7,0.08333333333333333
2024-10-14,84,31,5,0.05952380952380952
2024-10-14,84,32,4,0.047619047619047616
2024-10-14,84,33,7,0.08333333333333333
2024-10-14,84,34,6,0.07142857142857142
2024-10-14,84,35,5,0.05952380952380952
2024-10-14,84,36,2,0.023809523809523808
2024-10-14,84,37,5,0.05952380952380952
2024-10-14,84,38,8,0.09523809523809523
2024-10-14,84,39,6,0.07142857142857142
2024-10-14,84,40,7,0.08333333333333333
2024-10-14,84,41,1,0.011904761904761904
2024-10-14,84,42,3,0.03571428571428571
2024-10-14,84,43,1,0.011904761904761904
2024-10-14,84,44,1,0.011904761904761904
2024-10-14,84,45,5,0.05952380952380952
2024-10-14,84,46,3,0.03571428571428571
2024-10-14,84,47,3,0.03571428571428571
2024-10-14,84,48,2,0.023809523809523808
2024-10-14,84,49,3,0.03571428571428571
2024-10-14,84,50,1,0.011904761904761904
2024-10-14,84,51,0,0.0
2024-10-14,84,52,1,0.011904761904761904
2024-10-14,84,53,2,0.023809523809523808
2024-10-14,84,54,0,0.0
2024-10-14,84,55,0,0.0
2024-10-14,84,56,2,0.023809523809523808
2024-10-14,84,57,1,0.011904761904761904
2024-10-14,84,58,1,0.011904761904761904
2024-10-14,84,59,0,0.0
2024-10-14,84,60,2,0.023809523809523808
2024-10-21,78,0,78,1.0
2024-10-21,78,1,15,0.19230769230769232
2024-10-21,78,2,19,0.24358974358974358
2024-10-21,78,3,14,0.1794871794871795
2024-10-21,78,4,16,0.20512820512820512
2024-10-21,78,5,11,0.14102564102564102
2024-10-21,78,6,14,0.1794871794871795
2024-10-21,78,7,17,0.21794871794871795
2024-10-21,78,8,12,0.15384615384615385
2024-10-21,78,9,12,0.15384615384615385
2024-10-21,78,10,8,0.10256410256410256
2024-10-21,78,11,9,0.11538461538461539
2024-10-21,78,12,6,0.07692307692307693
2024-10-21,78,13,10,0.1282051282051282
2024-10-21,78,14,11,0.14102564102564102
2024-10-21,78,15,8,0.10256410256410256
2024-10-21,78,16,9,0.11538461538461539
2024-10-21,78,17,10,0.1282051282051282
2024-10-21,78,18,11,0.14102564102564102
2024-10-21,78,19,13,0.16666666666666666
2024-10-21,78,20,8,0.10256410256410256
2024-10-21,78,21,4,0.05128205128205128
2024-10-21,78,22,10,0.1282051282051282
2024-10-21,78,23,6,0.07692307692307693
2024-10-21,78,24,6,0.07692307692307693
2024-10-21,78,25,9,0.11538461538461539
2024-10-21,78,26,4,0.05128205128205128
2024-10-21,78,27,10,0.1282051282051282
2024-10-21,78,28,8,0.10256410256410256
2024-10-21,78,29,5,0.0641025641025641
2024-10-21,78,30,3,0.038461538461538464
2024-10-21,78,31,8,0.10256410256410256
2024-10-21,78,32,5,0.0641025641025641
2024-10-21,78,33,5,0.0641025641025641
2024-10-21,78,34,5,0.0641025641025641
2024-10-21,78,35,2,0.02564102564102564
2024-10-21,78,36,4,0.05128205128205128
2024-10-21,78,37,6,0.07692307692307693
2024-10-21,78,38,4,0.05128205128205128
2024-10-21,78,39,6,0.07692307692307693
2024-10-21,78,40,5,0.0641025641025641
2024-10-21,78,41,1,0.01282051282051282
2024-10-21,78,42,1,0.01282051282051282
2024-10-21,78,43,3,0.038461538461538464
2024-10-21,78,44,4,0.05128205128205128
2024-10-21,78,45,4,0.05128205128205128
2024-10-21,78,46,5,0.0641025641025641
2024-10-21,78,47,1,0.01282051282051282
2024-10-21,78,48,5,0.0641025641025641
2024-10-21,78,49,3,0.038461538461538464
2024-10-21,78,50,1,0.01282051282051282
2024-10-21,78,51,8,0.10256410256410256
2024-10-21,78,52,2,0.02564102564102564
2024-10-21,78,53,5,0.0641025641025641
2024-10-21,78,54,4,0.05128205128205128
2024-10-21,78,55,4,0.05128205128205128
2024-10-21,78,56,5,0.0641025641025641
2024-10-21,78,57,2,0.02564102564102564
2024-10-21,78,58,3,0.038461538461538464
2024-10-21,78,59,2,0.02564102564102564
2024-10-21,78,60,5,0.0641025641025641
2024-10-28,78,0,78,1.0
2024-10-28,78,1,20,0.2564102564102564
2024-10-28,78,2,18,0.23076923076923078
2024-10-28,78,3,18,0.23076923076923078
2024-10-28,78,4,12,0.15384615384615385
2024-10-28,78,5,18,0.23076923076923078
2024-10-28,78,6,9,0.11538461538461539
2024-10-28,78,7,11,0.14102564102564102
2024-10-28,78,8,14,0.1794871794871795
2024-10-28,78,9,8,0.10256410256410256
2024-10-28,78,10,9,0.11538461538461539
2024-10-28,78,11,10,0.1282051282051282
2024-10-28,78,12,8,0.10256410256410256
2024-10-28,78,13,5,0.0641025641025641
2024-10-28,78,14,15,0.19230769230769232
2024-10-28,78,15,6,0.07692307692307693
2024-10-28,78,16,9,0.11538461538461539
2024-10-28,78,17,8,0.10256410256410256
2024-10-28,78,18,8,0.10256410256410256
2024-10-28,78,19,4,0.05128205128205128
2024-10-28,78,20,9,0.11538461538461539
2024-10-28,78,21,9,0.11538461538461539
2024-10-28,78,22,5,0.0641025641025641
2024-10-28,78,23,3,0.038461538461538464
2024-10-28,78,24,6,0.07692307692307693
2024-10-28,78,25,8,0.10256410256410256
2024-10-28,78,26,5,0.0641025641025641
2024-10-28,78,27,4,0.05128205128205128
2024-10-28,78,28,1,0.01282051282051282
2024-10-28,78,29,2,0.02564102564102564
2024-10-28,78,30,2,0.02564102564102564
2024-10-28,78,31,2,0.02564102564102564
2024-10-28,78,32,2,0.02564102564102564
2024-10-28,78,33,2,0.02564102564102564
2024-10-28,78,34,2,0.02564102564102564
2024-10-28,78,35,2,0.02564102564102564
2024-10-28,78,36,1,0.01282051282051282
2024-10-28,78,37,2,0.02564102564102564
2024-10-28,78,38,3,0.038461538461538464
2024-10-28,78,39,0,0.0
2024-10-28,78,40,3,0.038461538461538464
2024-10-28,78,41,1,0.01282051282051282
2024-10-28,78,42,3,0.038461538461538464
2024-10-28,78,43,2,0.02564102564102564
2024-10-28,78,44,2,0.02564102564102564
2024-10-28,78,45,1,0.01282051282051282
2024-10-28,78,46,2,0.02564102564102564
2024-10-28,78,47,0,0.0
2024-10-28,78,48,2,0.02564102564102564
2024-10-28,78,49,2,0.02564102564102564
2024-10-28,78,50,0,0.0
2024-10-28,78,51,1,0.01282051282051282
2024-10-28,78,52,2,0.02564102564102564
2024-10-28,78,53,1,0.01282051282051282
2024-10-28,78,54,1,0.01282051282051282
2024-10-28,78,55,2,0.02564102564102564
2024-10-28,78,56,0,0.0
2024-10-28,78,57,2,0.02564102564102564
2024-10-28,78,58,1,0.01282051282051282
2024-10-28,66,59,0,0.0
2024-10-28,56,60,0,0.0
2024-11-04,81,0,81,1.0
2024-11-04,81,1,20,0.24691358024691357
2024-11-04,81,2,19,0.2345679012345679
2024-11-04,81,3,17,0.20987654320987653
2024-11-04,81,4,18,0.2222222222222222
2024-11-04,81,5,15,0.18518518518518517
2024-11-04,81,6,15,0.18518518518518517
2024-11-04,81,7,14,0.1728395061728395
2024-11-04,81,8,12,0.14814814814814814
2024-11-04,81,9,11,0.13580246913580246
2024-11-04,81,10,12,0.14814814814814814
2024-11-04,81,11,11,0.13580246913580246
2024-11-04,81,12,13,0.16049382716049382
2024-11-04,81,13,9,0.1111111111111111
2024-11-04,81,14,15,0.18518518518518517
2024-11-04,81,15,9,0.1111111111111111
2024-11-04,81,16,7,0.08641975308641975
2024-11-04,81,17,9,0.1111111111111111
2024-11-04,81,18,9,0.1111111111111111
2024-11-04,81,19,8,0.09876543209876543
2024-11-04,81,20,10,0.12345679012345678
2024-11-04,81,21,7,0.08641975308641975
2024-11-04,81,22,4,0.04938271604938271
2024-11-04,81,23,10,0.12345679012345678
2024-11-04,81,24,7,0.08641975308641975
2024-11-04,81,25,3,0.037037037037037035
2024-11-04,81,26,2,0.024691358024691357
2024-11-04,81,27,5,0.06172839506172839
2024-11-04,81,28,11,0.13580246913580246
2024-11-04,81,29,5,0.06172839506172839
2024-11-04,81,30,5,0.06172839506172839
2024-11-04,81,31,6,0.07407407407407407
2024-11-04,81,32,5,0.06172839506172839
2024-11-04,81,33,4,0.04938271604938271
2024-11-04,81,34,3,0.037037037037037035
2024-11-04,81,35,5,0.06172839506172839
2024-11-04,81,36,5,0.06172839506172839
2024-11-04,81,37,2,0.024691358024691357
2024-11-04,81,38,3,0.037037037037037035
2024-11-04,81,39,5,0.06172839506172839
2024-11-04,81,40,3,0.037037037037037035
2024-11-04,81,41,5,0.06172839506172839
2024-11-04,81,42,5,0.06172839506172839
2024-11-04,81,43,3,0.037037037037037035
2024-11-04,81,44,5,0.06172839506172839
2024-11-04,81,45,2,0.024691358024691357
2024-11-04,81,46,5,0.06172839506172839
2024-11-04,81,47,5,0.06172839506172839
2024-11-04,81,48,1,0.012345679012345678
2024-11-04,81,49,3,0.037037037037037035
2024-11-04,81,50,0,0.0
2024-11-04,81,51,1,0.012345679012345678
2024-11-04,70,52,0,0.0
2024-11-04,61,53,1,0.01639344262295082
2024-11-04,45,54,0,0.0
2024-11-04,34,55,0,0.0
2024-11-04,26,56,0,0.0
2024-11-04,17,57,0,0.0
2024-11-11,89,0,89,1.0
2024-11-11,89,1,20,0.2247191011235955
2024-11-11,89,2,19,0.21348314606741572
2024-11-11,89,3,13,0.14606741573033707
2024-11-11,89,4,17,0.19101123595505617
2024-11-11,89,5,17,0.19101123595505617
2024-11-11,89,6,15,0.16853932584269662
2024-11-11,89,7,11,0.12359550561797752
2024-11-11,89,8,13,0.14606741573033707
2024-11-11,89,9,8,0.0898876404494382
2024-11-11,89,10,12,0.1348314606741573
2024-11-11,89,11,10,0.11235955056179775
2024-11-11,89,12,13,0.14606741573033707
2024-11-11,89,13,13,0.14606741573033707
2024-11-11,89,14,8,0.0898876404494382
2024-11-11,89,15,6,0.06741573033707865
2024-11-11,89,16,7,0.07865168539325842
2024-11-11,89,17,6,0.06741573033707865
2024-11-11,89,18,11,0.12359550561797752
2024-11-11,89,19,7,0.07865168539325842
2024-11-11,89,20,11,0.12359550561797752
2024-11-11,89,21,9,0.10112359550561797
2024-11-11,89,22,6,0.06741573033707865
2024-11-11,89,23,8,0.0898876404494382
2024-11-11,89,24,7,0.07865168539325842
2024-11-11,89,25,7,0.07865168539325842
2024-11-11,89,26,6,0.06741573033707865
2024-11-11,89,27,5,0.056179775280898875
2024-11-11,89,28,4,0.0449438202247191
2024-11-11,89,29,9,0.10112359550561797
2024-11-11,89,30,5,0.056179775280898875
2024-11-11,89,31,7,0.07865168539325842
2024-11-11,89,32,6,0.06741573033707865
2024-11-11,89,33,4,0.0449438202247191
2024-11-11,89,34,5,0.056179775280898875
2024-11-11,89,35,4,0.0449438202247191
2024-11-11,89,36,3,0.033707865168539325
2024-11-11,89,37,3,0.033707865168539325
2024-11-11,89,38,2,0.02247191011235955
2024-11-11,89,39,4,0.0449438202247191
2024-11-11,89,40,4,0.0449438202247191
2024-11-11,89,41,1,0.011235955056179775
2024-11-11,89,42,3,0.033707865168539325
2024-11-11,89,43,2,0.02247191011235955
2024-11-11,89,44,3,0.033707865168539325
2024-11-11,76,45,2,0.02631578947368421
2024-11-11,67,46,1,0.014925373134328358
2024-11-11,48,47,1,0.020833333333333332
2024-11-11,38,48,0,0.0
2024-11-11,28,49,0,0.0
2024-11-11,15,50,0,0.0
2024-11-18,71,0,71,1.0
2024-11-18,71,1,15,0.2112676056338028
2024-11-18,71,2,11,0.15492957746478872
2024-11-18,71,3,15,0.2112676056338028
2024-11-18,71,4,17,0.23943661971830985
2024-11-18,71,5,19,0.2676056338028169
2024-11-18,71,6,16,0.22535211267605634
2024-11-18,71,7,12,0.16901408450704225
2024-11-18,71,8,9,0.1267605633802817
2024-11-18,71,9,11,0.15492957746478872
2024-11-18,71,10,14,0.19718309859154928
2024-11-18,71,11,10,0.14084507042253522
2024-11-18,71,12,8,0.11267605633802817
2024-11-18,71,13,14,0.19718309859154928
2024-11-18,71,14,9,0.1267605633802817
2024-11-18,71,15,7,0.09859154929577464
2024-11-18,71,16,6,0.08450704225352113
2024-11-18,71,17,8,0.11267605633802817
2024-11-18,71,18,7,0.09859154929577464
2024-11-18,71,19,6,0.08450704225352113
2024-11-18,71,20,3,0.04225352112676056
2024-11-18,71,21,7,0.09859154929577464
2024-11-18,71,22,6,0.08450704225352113
2024-11-18,71,23,4,0.056338028169014086
2024-11-18,71,24,4,0.056338028169014086
2024-11-18,71,25,6,0.08450704225352113
2024-11-18,71,26,3,0.04225352112676056
2024-11-18,71,27,4,0.056338028169014086
2024-11-18,71,28,1,0.014084507042253521
2024-11-18,71,29,3,0.04225352112676056
2024-11-18,71,30,3,0.04225352112676056
2024-11-18,71,31,2,0.028169014084507043
2024-11-18,71,32,5,0.07042253521126761
2024-11-18,71,33,5,0.07042253521126761
2024-11-18,71,34,4,0.056338028169014086
2024-11-18,71,35,7,0.09859154929577464
2024-11-18,71,36,4,0.056338028169014086
2024-11-18,71,37,2,0.028169014084507043
2024-11-18,63,38,2,0.031746031746031744
2024-11-18,57,39,5,0.08771929824561403
2024-11-18,47,40,2,0.0425531914893617
2024-11-18,40,41,1,0.025
2024-11-18,25,42,2,0.08
2024-11-18,11,43,1,0.09090909090909091
2024-11-25,39,0,39,1.0
2024-11-25,39,1,8,0.20512820512820512
2024-11-25,39,2,9,0.23076923076923078
2024-11-25,39,3,7,0.1794871794871795
2024-11-25,39,4,5,0.1282051282051282
2024-11-25,39,5,4,0.10256410256410256
2024-11-25,39,6,3,0.07692307692307693
2024-11-25,39,7,7,0.1794871794871795
2024-11-25,39,8,7,0.1794871794871795
2024-11-25,39,9,5,0.1282051282051282
2024-11-25,39,10,5,0.1282051282051282
2024-11-25,39,11,4,0.10256410256410256
2024-11-25,39,12,5,0.1282051282051282
2024-11-25,39,13,8,0.20512820512820512
2024-11-25,39,14,5,0.1282051282051282
2024-11-25,39,15,5,0.1282051282051282
2024-11-25,39,16,5,0.1282051282051282
2024-11-25,39,17,3,0.07692307692307693
2024-11-25,39,18,2,0.05128205128205128
2024-11-25,39,19,2,0.05128205128205128
2024-11-25,39,20,5,0.1282051282051282
2024-11-25,39,21,3,0.07692307692307693
2024-11-25,39,22,5,0.1282051282051282
2024-11-25,39,23,5,0.1282051282051282
2024-11-25,39,24,3,0.07692307692307693
2024-11-25,39,25,1,0.02564102564102564
2024-11-25,39,26,5,0.1282051282051282
2024-11-25,39,27,5,0.1282051282051282
2024-11-25,39,28,1,0.02564102564102564
2024-11-25,39,29,1,0.02564102564102564
2024-11-25,39,30,0,0.0
2024-11-25,34,31,2,0.058823529411764705
2024-11-25,28,32,1,0.03571428571428571
2024-11-25,20,33,1,0.05
2024-11-25,16,34,1,0.0625
2024-11-25,14,35,1,0.07142857142857142
2024-11-25,8,36,0,0.0
2024-12-02,4,0,4,1.0
2024-12-02,4,1,1,0.25
2024-12-02,4,2,2,0.5
2024-12-02,4,3,1,0.25
2024-12-02,4,4,0,0.0
2024-12-02,4,5,2,0.5
2024-12-02,4,6,1,0.25
2024-12-02,4,7,1,0.25
2024-12-02,4,8,2,0.5
2024-12-02,4,9,2,0.5
2024-12-02,4,10,1,0.25
2024-12-02,4,11,2,0.5
2024-12-02,4,12,0,0.0
2024-12-02,4,13,2,0.5
2024-12-02,4,14,0,0.0
2024-12-02,4,15,0,0.0
2024-12-02,4,16,1,0.25
2024-12-02,4,17,0,0.0
2024-12-02,4,18,0,0.0
2024-12-02,4,19,0,0.0
2024-12-02,4,20,0,0.0
2024-12-02,4,21,1,0.25
2024-12-02,4,22,0,0.0
2024-12-02,4,23,0,0.0
2024-12-02,4,24,0,0.0
2024-12-02,4,25,1,0.25
2024-12-02,4,26,1,0.25
2024-12-02,4,27,0,0.0
2024-12-02,3,28,0,0.0
