cohort_week,eligible_users,cohort_age,retained_users,retention
2024-01-01,14,0,14,1.0
2024-01-01,14,1,13,0.9285714285714286
2024-01-01,14,2,13,0.9285714285714286
2024-01-01,14,3,13,0.9285714285714286
2024-01-01,14,4,13,0.9285714285714286
2024-01-01,14,5,13,0.9285714285714286
2024-01-01,14,6,13,0.9285714285714286
2024-01-01,14,7,13,0.9285714285714286
2024-01-01,14,8,13,0.9285714285714286
2024-01-01,14,9,13,0.9285714285714286
2024-01-01,14,10,12,0.8571428571428571
2024-01-01,14,11,10,0.7142857142857143
2024-01-01,14,12,10,0.7142857142857143
2024-01-01,14,13,10,0.7142857142857143
2024-01-01,14,14,10,0.7142857142857143
2024-01-01,14,15,10,0.7142857142857143
2024-01-01,14,16,10,0.7142857142857143
2024-01-01,14,17,10,0.7142857142857143
2024-01-01,14,18,10,0.7142857142857143
2024-01-01,14,19,10,0.7142857142857143
2024-01-01,14,20,10,0.7142857142857143
2024-01-01,14,21,10,0.7142857142857143
2024-01-01,14,22,10,0.7142857142857143
2024-01-01,14,23,10,0.7142857142857143
2024-01-01,14,24,10,0.7142857142857143
2024-01-01,14,25,9,0.6428571428571429
2024-01-01,14,26,9,0.6428571428571429
2024-01-01,14,27,9,0.6428571428571429
2024-01-01,14,28,8,0.5714285714285714
2024-01-01,14,29,8,0.5714285714285714
2024-01-01,14,30,8,0.5714285714285714
2024-01-01,14,31,8,0.5714285714285714
2024-01-01,14,32,8,0.5714285714285714
2024-01-01,14,33,8,0.5714285714285714
2024-01-01,14,34,8,0.5714285714285714
2024-01-01,14,35,8,0.5714285714285714
2024-01-01,14,36,7,0.5
2024-01-01,14,37,6,0.42857142857142855
2024-01-01,14,38,6,0.42857142857142855
2024-01-01,14,39,6,0.42857142857142855
2024-01-01,14,40,6,0.42857142857142855
2024-01-01,14,41,6,0.42857142857142855
2024-01-01,14,42,6,0.42857142857142855
2024-01-01,14,43,6,0.42857142857142855
2024-01-01,14,44,6,0.42857142857142855
2024-01-01,14,45,6,0.42857142857142855
2024-01-01,14,46,6,0.42857142857142855
2024-01-01,14,47,6,0.42857142857142855
2024-01-01,14,48,6,0.42857142857142855
2024-01-01,14,49,6,0.42857142857142855
2024-01-01,14,50,6,0.42857142857142855
2024-01-01,14,51,6,0.42857142857142855
2024-01-01,14,52,6,0.42857142857142855
2024-01-01,14,53,6,0.42857142857142855
2024-01-01,14,54,6,0.42857142857142855
2024-01-01,14,55,6,0.42857142857142855
2024-01-01,14,56,6,0.42857142857142855
2024-01-01,14,57,6,0.42857142857142855
2024-01-01,14,58,6,0.42857142857142855
2024-01-01,14,59,6,0.42857142857142855
2024-01-01,14,60,6,0.42857142857142855
2024-01-08,30,0,30,1.0
2024-01-08,30,1,26,0.8666666666666667
2024-01-08,30,2,25,0.8333333333333334
2024-01-08,30,3,25,0.8333333333333334
2024-01-08,30,4,25,0.8333333333333334
2024-01-08,30,5,25,0.8333333333333334
2024-01-08,30,6,23,0.7666666666666667
2024-01-08,30,7,23,0.7666666666666667
2024-01-08,30,8,23,0.7666666666666667
2024-01-08,30,9,20,0.6666666666666666
2024-01-08,30,10,19,0.6333333333333333
2024-01-08,30,11,18,0.6
2024-01-08,30,12,18,0.6
2024-01-08,30,13,18,0.6
2024-01-08,30,14,16,0.5333333333333333
2024-01-08,30,15,16,0.5333333333333333
2024-01-08,30,16,15,0.5
2024-01-08,30,17,15,0.5
2024-01-08,30,18,13,0.43333333333333335
2024-01-08,30,19,12,0.4
2024-01-08,30,20,12,0.4
2024-01-08,30,21,12,0.4
2024-01-08,30,22,12,0.4
2024-01-08,30,23,12,0.4
2024-01-08,30,24,11,0.36666666666666664
2024-01-08,30,25,10,0.3333333333333333
2024-01-08,30,26,9,0.3
2024-01-08,30,27,8,0.26666666666666666
2024-01-08,30,28,8,0.26666666666666666
2024-01-08,30,29,8,0.26666666666666666
2024-01-08,30,30,8,0.26666666666666666
2024-01-08,30,31,8,0.26666666666666666
2024-01-08,30,32,8,0.26666666666666666
2024-01-08,30,33,8,0.26666666666666666
2024-01-08,30,34,8,0.26666666666666666
2024-01-08,30,35,8,0.26666666666666666
2024-01-08,30,36,8,0.26666666666666666
2024-01-08,30,37,8,0.26666666666666666
2024-01-08,30,38,8,0.26666666666666666
2024-01-08,30,39,8,0.26666666666666666
2024-01-08,30,40,8,0.26666666666666666
2024-01-08,30,41,7,0.23333333333333334
2024-01-08,30,42,7,0.23333333333333334
2024-01-08,30,43,5,0.16666666666666666
2024-01-08,30,44,5,0.16666666666666666
2024-01-08,30,45,5,0.16666666666666666
2024-01-08,30,46,5,0.16666666666666666
2024-01-08,30,47,5,0.16666666666666666
2024-01-08,30,48,5,0.16666666666666666
2024-01-08,30,49,5,0.16666666666666666
2024-01-08,30,50,5,0.16666666666666666
2024-01-08,30,51,5,0.16666666666666666
2024-01-08,30,52,5,0.16666666666666666
2024-01-08,30,53,5,0.16666666666666666
2024-01-08,30,54,5,0.16666666666666666
2024-01-08,30,55,5,0.16666666666666666
2024-01-08,30,56,5,0.16666666666666666
2024-01-08,30,57,5,0.16666666666666666
2024-01-08,30,58,4,0.13333333333333333
2024-01-08,30,59,4,0.13333333333333333
2024-01-08,30,60,4,0.13333333333333333
2024-01-15,59,0,59,1.0
2024-01-15,59,1,53,0.8983050847457628
2024-01-15,59,2,53,0.8983050847457628
2024-01-15,59,3,51,0.864406779661017
2024-01-15,59,4,50,0.847457627118644
2024-01-15,59,5,49,0.8305084745762712
2024-01-15,59,6,49,0.8305084745762712
2024-01-15,59,7,49,0.8305084745762712
2024-01-15,59,8,47,0.7966101694915254
2024-01-15,59,9,47,0.7966101694915254
2024-01-15,59,10,47,0.7966101694915254
2024-01-15,59,11,46,0.7796610169491526
2024-01-15,59,12,45,0.7627118644067796
2024-01-15,59,13,41,0.6949152542372882
2024-01-15,59,14,39,0.6610169491525424
2024-01-15,59,15,38,0.6440677966101694
2024-01-15,59,16,38,0.6440677966101694
2024-01-15,59,17,38,0.6440677966101694
2024-01-15,59,18,38,0.6440677966101694
2024-01-15,59,19,38,0.6440677966101694
2024-01-15,59,20,38,0.6440677966101694
2024-01-15,59,21,37,0.6271186440677966
2024-01-15,59,22,37,0.6271186440677966
2024-01-15,59,23,36,0.6101694915254238
2024-01-15,59,24,34,0.576271186440678
2024-01-15,59,25,34,0.576271186440678
2024-01-15,59,26,33,0.559322033898305
2024-01-15,59,27,33,0.559322033898305
2024-01-15,59,28,33,0.559322033898305
2024-01-15,59,29,33,0.559322033898305
2024-01-15,59,30,33,0.559322033898305
2024-01-15,59,31,33,0.559322033898305
2024-01-15,59,32,33,0.559322033898305
2024-01-15,59,33,32,0.5423728813559322
2024-01-15,59,34,32,0.5423728813559322
2024-01-15,59,35,32,0.5423728813559322
2024-01-15,59,36,32,0.5423728813559322
2024-01-15,59,37,32,0.5423728813559322
2024-01-15,59,38,31,0.5254237288135594
2024-01-15,59,39,29,0.4915254237288136
2024-01-15,59,40,29,0.4915254237288136
2024-01-15,59,41,29,0.4915254237288136
2024-01-15,59,42,28,0.4745762711864407
2024-01-15,59,43,28,0.4745762711864407
2024-01-15,59,44,27,0.4576271186440678
2024-01-15,59,45,27,0.4576271186440678
2024-01-15,59,46,27,0.4576271186440678
2024-01-15,59,47,26,0.4406779661016949
2024-01-15,59,48,26,0.4406779661016949
2024-01-15,59,49,26,0.4406779661016949
2024-01-15,59,50,26,0.4406779661016949
2024-01-15,59,51,26,0.4406779661016949
2024-01-15,59,52,26,0.4406779661016949
2024-01-15,59,53,24,0.4067796610169492
2024-01-15,59,54,23,0.3898305084745763
2024-01-15,59,55,22,0.3728813559322034
2024-01-15,59,56,21,0.3559322033898305
2024-01-15,59,57,21,0.3559322033898305
2024-01-15,59,58,21,0.3559322033898305
2024-01-15,59,59,21,0.3559322033898305
2024-01-15,59,60,21,0.3559322033898305
2024-01-22,70,0,70,1.0
2024-01-22,70,1,53,0.7571428571428571
2024-01-22,70,2,53,0.7571428571428571
2024-01-22,70,3,52,0.7428571428571429
2024-01-22,70,4,51,0.7285714285714285
2024-01-22,70,5,50,0.7142857142857143
2024-01-22,70,6,49,0.7
2024-01-22,70,7,48,0.6857142857142857
2024-01-22,70,8,47,0.6714285714285714
2024-01-22,70,9,44,0.6285714285714286
2024-01-22,70,10,43,0.6142857142857143
2024-01-22,70,11,43,0.6142857142857143
2024-01-22,70,12,42,0.6
2024-01-22,70,13,39,0.5571428571428572
2024-01-22,70,14,38,0.5428571428571428
2024-01-22,70,15,37,0.5285714285714286
2024-01-22,70,16,36,0.5142857142857142
2024-01-22,70,17,34,0.4857142857142857
2024-01-22,70,18,33,0.4714285714285714
2024-01-22,70,19,33,0.4714285714285714
2024-01-22,70,20,33,0.4714285714285714
2024-01-22,70,21,33,0.4714285714285714
2024-01-22,70,22,32,0.45714285714285713
2024-01-22,70,23,32,0.45714285714285713
2024-01-22,70,24,32,0.45714285714285713
2024-01-22,70,25,32,0.45714285714285713
2024-01-22,70,26,31,0.44285714285714284
2024-01-22,70,27,31,0.44285714285714284
2024-01-22,70,28,30,0.42857142857142855
2024-01-22,70,29,30,0.42857142857142855
2024-01-22,70,30,30,0.42857142857142855
2024-01-22,70,31,30,0.42857142857142855
2024-01-22,70,32,27,0.38571428571428573
2024-01-22,70,33,27,0.38571428571428573
2024-01-22,70,34,27,0.38571428571428573
2024-01-22,70,35,27,0.38571428571428573
2024-01-22,70,36,27,0.38571428571428573
2024-01-22,70,37,25,0.35714285714285715
2024-01-22,70,38,24,0.34285714285714286
2024-01-22,70,39,23,0.32857142857142857
2024-01-22,70,40,22,0.3142857142857143
2024-01-22,70,41,22,0.3142857142857143
2024-01-22,70,42,21,0.3
2024-01-22,70,43,20,0.2857142857142857
2024-01-22,70,44,20,0.2857142857142857
2024-01-22,70,45,20,0.2857142857142857
2024-01-22,70,46,20,0.2857142857142857
2024-01-22,70,47,19,0.2714285714285714
2024-01-22,70,48,19,0.2714285714285714
2024-01-22,70,49,18,0.2571428571428571
2024-01-22,70,50,17,0.24285714285714285
2024-01-22,70,51,16,0.22857142857142856
2024-01-22,70,52,15,0.21428571428571427
2024-01-22,70,53,15,0.21428571428571427
2024-01-22,70,54,14,0.2
2024-01-22,70,55,13,0.18571428571428572
2024-01-22,70,56,12,0.17142857142857143
2024-01-22,70,57,11,0.15714285714285714
2024-01-22,70,58,11,0.15714285714285714
2024-01-22,70,59,11,0.15714285714285714
2024-01-22,70,60,11,0.15714285714285714
2024-01-29,89,0,89,1.0
2024-01-29,89,1,68,0.7640449438202247
2024-01-29,89,2,68,0.7640449438202247
2024-01-29,89,3,67,0.7528089887640449
2024-01-29,89,4,64,0.7191011235955056
2024-01-29,89,5,58,0.651685393258427
2024-01-29,89,6,57,0.6404494382022472
2024-01-29,89,7,54,0.6067415730337079
2024-01-29,89,8,54,0.6067415730337079
2024-01-29,89,9,54,0.6067415730337079
2024-01-29,89,10,53,0.5955056179775281
2024-01-29,89,11,51,0.5730337078651685
2024-01-29,89,12,51,0.5730337078651685
2024-01-29,89,13,50,0.5617977528089888
2024-01-29,89,14,49,0.550561797752809
2024-01-29,89,15,46,0.5168539325842697
2024-01-29,89,16,43,0.48314606741573035
2024-01-29,89,17,42,0.47191011235955055
2024-01-29,89,18,41,0.4606741573033708
2024-01-29,89,19,41,0.4606741573033708
2024-01-29,89,20,40,0.449438202247191
2024-01-29,89,21,40,0.449438202247191
2024-01-29,89,22,40,0.449438202247191
2024-01-29,89,23,39,0.43820224719101125
2024-01-29,89,24,38,0.42696629213483145
2024-01-29,89,25,35,0.39325842696629215
2024-01-29,89,26,35,0.39325842696629215
2024-01-29,89,27,35,0.39325842696629215
2024-01-29,89,28,35,0.39325842696629215
2024-01-29,89,29,34,0.38202247191011235
2024-01-29,89,30,34,0.38202247191011235
2024-01-29,89,31,33,0.3707865168539326
2024-01-29,89,32,33,0.3707865168539326
2024-01-29,89,33,32,0.3595505617977528
2024-01-29,89,34,31,0.34831460674157305
2024-01-29,89,35,30,0.33707865168539325
2024-01-29,89,36,30,0.33707865168539325
2024-01-29,89,37,28,0.3146067415730337
2024-01-29,89,38,28,0.3146067415730337
2024-01-29,89,39,27,0.30337078651685395
2024-01-29,89,40,26,0.29213483146067415
2024-01-29,89,41,26,0.29213483146067415
2024-01-29,89,42,26,0.29213483146067415
2024-01-29,89,43,26,0.29213483146067415
2024-01-29,89,44,26,0.29213483146067415
2024-01-29,89,45,26,0.29213483146067415
2024-01-29,89,46,26,0.29213483146067415
2024-01-29,89,47,26,0.29213483146067415
2024-01-29,89,48,25,0.2808988764044944
2024-01-29,89,49,25,0.2808988764044944
2024-01-29,89,50,25,0.2808988764044944
2024-01-29,89,51,24,0.2696629213483146
2024-01-29,89,52,24,0.2696629213483146
2024-01-29,89,53,23,0.25842696629213485
2024-01-29,89,54,22,0.24719101123595505
2024-01-29,89,55,22,0.24719101123595505
2024-01-29,89,56,22,0.24719101123595505
2024-01-29,89,57,21,0.23595505617977527
2024-01-29,89,58,21,0.23595505617977527
2024-01-29,89,59,21,0.23595505617977527
2024-01-29,89,60,19,0.21348314606741572
2024-02-05,66,0,66,1.0
2024-02-05,66,1,53,0.803030303030303
2024-02-05,66,2,53,0.803030303030303
2024-02-05,66,3,53,0.803030303030303
2024-02-05,66,4,53,0.803030303030303
2024-02-05,66,5,52,0.7878787878787878
2024-02-05,66,6,51,0.7727272727272727
2024-02-05,66,7,51,0.7727272727272727
2024-02-05,66,8,51,0.7727272727272727
2024-02-05,66,9,50,0.7575757575757576
2024-02-05,66,10,50,0.7575757575757576
2024-02-05,66,11,46,0.696969696969697
2024-02-05,66,12,44,0.6666666666666666
2024-02-05,66,13,42,0.6363636363636364
2024-02-05,66,14,40,0.6060606060606061
2024-02-05,66,15,39,0.5909090909090909
2024-02-05,66,16,37,0.5606060606060606
2024-02-05,66,17,37,0.5606060606060606
2024-02-05,66,18,37,0.5606060606060606
2024-02-05,66,19,37,0.5606060606060606
2024-02-05,66,20,37,0.5606060606060606
2024-02-05,66,21,37,0.5606060606060606
2024-02-05,66,22,37,0.5606060606060606
2024-02-05,66,23,35,0.5303030303030303
2024-02-05,66,24,33,0.5
2024-02-05,66,25,32,0.48484848484848486
2024-02-05,66,26,31,0.4696969696969697
2024-02-05,66,27,31,0.4696969696969697
2024-02-05,66,28,31,0.4696969696969697
2024-02-05,66,29,30,0.45454545454545453
2024-02-05,66,30,30,0.45454545454545453
2024-02-05,66,31,29,0.4393939393939394
2024-02-05,66,32,29,0.4393939393939394
2024-02-05,66,33,29,0.4393939393939394
2024-02-05,66,34,29,0.4393939393939394
2024-02-05,66,35,29,0.4393939393939394
2024-02-05,66,36,27,0.4090909090909091
2024-02-05,66,37,27,0.4090909090909091
2024-02-05,66,38,27,0.4090909090909091
2024-02-05,66,39,26,0.3939393939393939
2024-02-05,66,40,25,0.3787878787878788
2024-02-05,66,41,24,0.36363636363636365
2024-02-05,66,42,24,0.36363636363636365
2024-02-05,66,43,24,0.36363636363636365
2024-02-05,66,44,22,0.3333333333333333
2024-02-05,66,45,22,0.3333333333333333
2024-02-05,66,46,22,0.3333333333333333
2024-02-05,66,47,21,0.3181818181818182
2024-02-05,66,48,20,0.30303030303030304
2024-02-05,66,49,19,0.2878787878787879
2024-02-05,66,50,19,0.2878787878787879
2024-02-05,66,51,19,0.2878787878787879
2024-02-05,66,52,19,0.2878787878787879
2024-02-05,66,53,19,0.2878787878787879
2024-02-05,66,54,18,0.2727272727272727
2024-02-05,66,55,18,0.2727272727272727
2024-02-05,66,56,18,0.2727272727272727
2024-02-05,66,57,18,0.2727272727272727
2024-02-05,66,58,18,0.2727272727272727
2024-02-05,66,59,18,0.2727272727272727
2024-02-05,66,60,17,0.25757575757575757
2024-02-12,73,0,73,1.0
2024-02-12,73,1,60,0.821917808219178
2024-02-12,73,2,59,0.8082191780821918
2024-02-12,73,3,56,0.7671232876712328
2024-02-12,73,4,56,0.7671232876712328
2024-02-12,73,5,55,0.7534246575342466
2024-02-12,73,6,54,0.7397260273972602
2024-02-12,73,7,54,0.7397260273972602
2024-02-12,73,8,54,0.7397260273972602
2024-02-12,73,9,52,0.7123287671232876
2024-02-12,73,10,50,0.684931506849315
2024-02-12,73,11,48,0.6575342465753424
2024-02-12,73,12,47,0.6438356164383562
2024-02-12,73,13,47,0.6438356164383562
2024-02-12,73,14,47,0.6438356164383562
2024-02-12,73,15,47,0.6438356164383562
2024-02-12,73,16,42,0.5753424657534246
2024-02-12,73,17,39,0.5342465753424658
2024-02-12,73,18,37,0.5068493150684932
2024-02-12,73,19,37,0.5068493150684932
2024-02-12,73,20,37,0.5068493150684932
2024-02-12,73,21,36,0.4931506849315068
2024-02-12,73,22,36,0.4931506849315068
2024-02-12,73,23,35,0.4794520547945205
2024-02-12,73,24,33,0.4520547945205479
2024-02-12,73,25,33,0.4520547945205479
2024-02-12,73,26,33,0.4520547945205479
2024-02-12,73,27,33,0.4520547945205479
2024-02-12,73,28,33,0.4520547945205479
2024-02-12,73,29,32,0.4383561643835616
2024-02-12,73,30,32,0.4383561643835616
2024-02-12,73,31,32,0.4383561643835616
2024-02-12,73,32,31,0.4246575342465753
2024-02-12,73,33,29,0.3972602739726027
2024-02-12,73,34,28,0.3835616438356164
2024-02-12,73,35,27,0.3698630136986301
2024-02-12,73,36,26,0.3561643835616438
2024-02-12,73,37,26,0.3561643835616438
2024-02-12,73,38,26,0.3561643835616438
2024-02-12,73,39,26,0.3561643835616438
2024-02-12,73,40,26,0.3561643835616438
2024-02-12,73,41,25,0.3424657534246575
2024-02-12,73,42,25,0.3424657534246575
2024-02-12,73,43,25,0.3424657534246575
2024-02-12,73,44,25,0.3424657534246575
2024-02-12,73,45,24,0.3287671232876712
2024-02-12,73,46,24,0.3287671232876712
2024-02-12,73,47,24,0.3287671232876712
2024-02-12,73,48,24,0.3287671232876712
2024-02-12,73,49,22,0.3013698630136986
2024-02-12,73,50,22,0.3013698630136986
2024-02-12,73,51,22,0.3013698630136986
2024-02-12,73,52,22,0.3013698630136986
2024-02-12,73,53,21,0.2876712328767123
2024-02-12,73,54,21,0.2876712328767123
2024-02-12,73,55,21,0.2876712328767123
2024-02-12,73,56,21,0.2876712328767123
2024-02-12,73,57,21,0.2876712328767123
2024-02-12,73,58,19,0.2602739726027397
2024-02-12,73,59,19,0.2602739726027397
2024-02-12,73,60,19,0.2602739726027397
2024-02-19,75,0,75,1.0
2024-02-19,75,1,66,0.88
2024-02-19,75,2,64,0.8533333333333334
2024-02-19,75,3,64,0.8533333333333334
2024-02-19,75,4,62,0.8266666666666667
2024-02-19,75,5,62,0.8266666666666667
2024-02-19,75,6,59,0.7866666666666666
2024-02-19,75,7,59,0.7866666666666666
2024-02-19,75,8,58,0.7733333333333333
2024-02-19,75,9,57,0.76
2024-02-19,75,10,57,0.76
2024-02-19,75,11,52,0.6933333333333334
2024-02-19,75,12,52,0.6933333333333334
2024-02-19,75,13,50,0.6666666666666666
2024-02-19,75,14,48,0.64
2024-02-19,75,15,46,0.6133333333333333
2024-02-19,75,16,45,0.6
2024-02-19,75,17,41,0.5466666666666666
2024-02-19,75,18,40,0.5333333333333333
2024-02-19,75,19,38,0.5066666666666667
2024-02-19,75,20,36,0.48
2024-02-19,75,21,35,0.4666666666666667
2024-02-19,75,22,33,0.44
2024-02-19,75,23,33,0.44
2024-02-19,75,24,32,0.4266666666666667
2024-02-19,75,25,32,0.4266666666666667
2024-02-19,75,26,31,0.41333333333333333
2024-02-19,75,27,31,0.41333333333333333
2024-02-19,75,28,31,0.41333333333333333
2024-02-19,75,29,29,0.38666666666666666
2024-02-19,75,30,29,0.38666666666666666
2024-02-19,75,31,28,0.37333333333333335
2024-02-19,75,32,27,0.36
2024-02-19,75,33,26,0.3466666666666667
2024-02-19,75,34,25,0.3333333333333333
2024-02-19,75,35,25,0.3333333333333333
2024-02-19,75,36,24,0.32
2024-02-19,75,37,22,0.29333333333333333
2024-02-19,75,38,22,0.29333333333333333
2024-02-19,75,39,22,0.29333333333333333
2024-02-19,75,40,22,0.29333333333333333
2024-02-19,75,41,22,0.29333333333333333
2024-02-19,75,42,21,0.28
2024-02-19,75,43,21,0.28
2024-02-19,75,44,20,0.26666666666666666
2024-02-19,75,45,19,0.25333333333333335
2024-02-19,75,46,18,0.24
2024-02-19,75,47,16,0.21333333333333335
2024-02-19,75,48,16,0.21333333333333335
2024-02-19,75,49,16,0.21333333333333335
2024-02-19,75,50,16,0.21333333333333335
2024-02-19,75,51,15,0.2
2024-02-19,75,52,14,0.18666666666666668
2024-02-19,75,53,14,0.18666666666666668
2024-02-19,75,54,14,0.18666666666666668
2024-02-19,75,55,14,0.18666666666666668
2024-02-19,75,56,13,0.17333333333333334
2024-02-19,75,57,13,0.17333333333333334
2024-02-19,75,58,13,0.17333333333333334
2024-02-19,75,59,13,0.17333333333333334
2024-02-19,75,60,12,0.16
2024-02-26,79,0,79,1.0
2024-02-26,79,1,62,0.7848101265822784
2024-02-26,79,2,61,0.7721518987341772
2024-02-26,79,3,60,0.759493670886076
2024-02-26,79,4,56,0.7088607594936709
2024-02-26,79,5,55,0.6962025316455697
2024-02-26,79,6,54,0.6835443037974683
2024-02-26,79,7,53,0.6708860759493671
2024-02-26,79,8,51,0.6455696202531646
2024-02-26,79,9,50,0.6329113924050633
2024-02-26,79,10,50,0.6329113924050633
2024-02-26,79,11,49,0.620253164556962
2024-02-26,79,12,49,0.620253164556962
2024-02-26,79,13,46,0.5822784810126582
2024-02-26,79,14,44,0.5569620253164557
2024-02-26,79,15,42,0.5316455696202531
2024-02-26,79,16,40,0.5063291139240507
2024-02-26,79,17,38,0.4810126582278481
2024-02-26,79,18,37,0.46835443037974683
2024-02-26,79,19,36,0.45569620253164556
2024-02-26,79,20,36,0.45569620253164556
2024-02-26,79,21,36,0.45569620253164556
2024-02-26,79,22,36,0.45569620253164556
2024-02-26,79,23,34,0.43037974683544306
2024-02-26,79,24,32,0.4050632911392405
2024-02-26,79,25,30,0.379746835443038
2024-02-26,79,26,29,0.3670886075949367
2024-02-26,79,27,29,0.3670886075949367
2024-02-26,79,28,29,0.3670886075949367
2024-02-26,79,29,28,0.35443037974683544
2024-02-26,79,30,28,0.35443037974683544
2024-02-26,79,31,28,0.35443037974683544
2024-02-26,79,32,28,0.35443037974683544
2024-02-26,79,33,27,0.34177215189873417
2024-02-26,79,34,25,0.31645569620253167
2024-02-26,79,35,25,0.31645569620253167
2024-02-26,79,36,25,0.31645569620253167
2024-02-26,79,37,24,0.3037974683544304
2024-02-26,79,38,22,0.27848101265822783
2024-02-26,79,39,22,0.27848101265822783
2024-02-26,79,40,21,0.26582278481012656
2024-02-26,79,41,20,0.25316455696202533
2024-02-26,79,42,19,0.24050632911392406
2024-02-26,79,43,18,0.22784810126582278
2024-02-26,79,44,17,0.21518987341772153
2024-02-26,79,45,17,0.21518987341772153
2024-02-26,79,46,16,0.20253164556962025
2024-02-26,79,47,16,0.20253164556962025
2024-02-26,79,48,16,0.20253164556962025
2024-02-26,79,49,15,0.189873417721519
2024-02-26,79,50,14,0.17721518987341772
2024-02-26,79,51,14,0.17721518987341772
2024-02-26,79,52,14,0.17721518987341772
2024-02-26,79,53,14,0.17721518987341772
2024-02-26,79,54,14,0.17721518987341772
2024-02-26,79,55,14,0.17721518987341772
2024-02-26,79,56,13,0.16455696202531644
2024-02-26,79,57,13,0.16455696202531644
2024-02-26,79,58,12,0.1518987341772152
2024-02-26,79,59,11,0.13924050632911392
2024-02-26,79,60,11,0.13924050632911392
2024-03-04,89,0,89,1.0
2024-03-04,89,1,80,0.898876404494382
2024-03-04,89,2,78,0.8764044943820225
2024-03-04,89,3,77,0.8651685393258427
2024-03-04,89,4,75,0.8426966292134831
2024-03-04,89,5,75,0.8426966292134831
2024-03-04,89,6,72,0.8089887640449438
2024-03-04,89,7,71,0.797752808988764
2024-03-04,89,8,69,0.7752808988764045
2024-03-04,89,9,67,0.7528089887640449
2024-03-04,89,10,66,0.7415730337078652
2024-03-04,89,11,64,0.7191011235955056
2024-03-04,89,12,61,0.6853932584269663
2024-03-04,89,13,61,0.6853932584269663
2024-03-04,89,14,59,0.6629213483146067
2024-03-04,89,15,58,0.651685393258427
2024-03-04,89,16,57,0.6404494382022472
2024-03-04,89,17,56,0.6292134831460674
2024-03-04,89,18,55,0.6179775280898876
2024-03-04,89,19,54,0.6067415730337079
2024-03-04,89,20,50,0.5617977528089888
2024-03-04,89,21,48,0.5393258426966292
2024-03-04,89,22,45,0.5056179775280899
2024-03-04,89,23,44,0.4943820224719101
2024-03-04,89,24,43,0.48314606741573035
2024-03-04,89,25,42,0.47191011235955055
2024-03-04,89,26,41,0.4606741573033708
2024-03-04,89,27,41,0.4606741573033708
2024-03-04,89,28,40,0.449438202247191
2024-03-04,89,29,39,0.43820224719101125
2024-03-04,89,30,39,0.43820224719101125
2024-03-04,89,31,38,0.42696629213483145
2024-03-04,89,32,38,0.42696629213483145
2024-03-04,89,33,37,0.4157303370786517
2024-03-04,89,34,35,0.39325842696629215
2024-03-04,89,35,34,0.38202247191011235
2024-03-04,89,36,34,0.38202247191011235
2024-03-04,89,37,32,0.3595505617977528
2024-03-04,89,38,31,0.34831460674157305
2024-03-04,89,39,30,0.33707865168539325
2024-03-04,89,40,29,0.3258426966292135
2024-03-04,89,41,28,0.3146067415730337
2024-03-04,89,42,28,0.3146067415730337
2024-03-04,89,43,26,0.29213483146067415
2024-03-04,89,44,24,0.2696629213483146
2024-03-04,89,45,22,0.24719101123595505
2024-03-04,89,46,20,0.2247191011235955
2024-03-04,89,47,20,0.2247191011235955
2024-03-04,89,48,20,0.2247191011235955
2024-03-04,89,49,20,0.2247191011235955
2024-03-04,89,50,19,0.21348314606741572
2024-03-04,89,51,17,0.19101123595505617
2024-03-04,89,52,17,0.19101123595505617
2024-03-04,89,53,16,0.1797752808988764
2024-03-04,89,54,16,0.1797752808988764
2024-03-04,89,55,16,0.1797752808988764
2024-03-04,89,56,16,0.1797752808988764
2024-03-04,89,57,15,0.16853932584269662
2024-03-04,89,58,15,0.16853932584269662
2024-03-04,89,59,15,0.16853932584269662
2024-03-04,89,60,15,0.16853932584269662
2024-03-11,92,0,92,1.0
2024-03-11,92,1,80,0.8695652173913043
2024-03-11,92,2,79,0.8586956521739131
2024-03-11,92,3,79,0.8586956521739131
2024-03-11,92,4,74,0.8043478260869565
2024-03-11,92,5,70,0.7608695652173914
2024-03-11,92,6,68,0.7391304347826086
2024-03-11,92,7,67,0.7282608695652174
2024-03-11,92,8,65,0.7065217391304348
2024-03-11,92,9,62,0.6739130434782609
2024-03-11,92,10,61,0.6630434782608695
2024-03-11,92,11,61,0.6630434782608695
2024-03-11,92,12,60,0.6521739130434783
2024-03-11,92,13,59,0.6413043478260869
2024-03-11,92,14,58,0.6304347826086957
2024-03-11,92,15,58,0.6304347826086957
2024-03-11,92,16,56,0.6086956521739131
2024-03-11,92,17,56,0.6086956521739131
2024-03-11,92,18,55,0.5978260869565217
2024-03-11,92,19,53,0.5760869565217391
2024-03-11,92,20,50,0.5434782608695652
2024-03-11,92,21,50,0.5434782608695652
2024-03-11,92,22,50,0.5434782608695652
2024-03-11,92,23,49,0.532608695652174
2024-03-11,92,24,49,0.532608695652174
2024-03-11,92,25,49,0.532608695652174
2024-03-11,92,26,49,0.532608695652174
2024-03-11,92,27,48,0.5217391304347826
2024-03-11,92,28,46,0.5
2024-03-11,92,29,46,0.5
2024-03-11,92,30,46,0.5
2024-03-11,92,31,46,0.5
2024-03-11,92,32,44,0.4782608695652174
2024-03-11,92,33,44,0.4782608695652174
2024-03-11,92,34,42,0.45652173913043476
2024-03-11,92,35,42,0.45652173913043476
2024-03-11,92,36,40,0.43478260869565216
2024-03-11,92,37,40,0.43478260869565216
2024-03-11,92,38,40,0.43478260869565216
2024-03-11,92,39,37,0.40217391304347827
2024-03-11,92,40,36,0.391304347826087
2024-03-11,92,41,36,0.391304347826087
2024-03-11,92,42,35,0.3804347826086957
2024-03-11,92,43,34,0.3695652173913043
2024-03-11,92,44,34,0.3695652173913043
2024-03-11,92,45,32,0.34782608695652173
2024-03-11,92,46,31,0.33695652173913043
2024-03-11,92,47,31,0.33695652173913043
2024-03-11,92,48,31,0.33695652173913043
2024-03-11,92,49,31,0.33695652173913043
2024-03-11,92,50,31,0.33695652173913043
2024-03-11,92,51,31,0.33695652173913043
2024-03-11,92,52,30,0.32608695652173914
2024-03-11,92,53,29,0.31521739130434784
2024-03-11,92,54,27,0.29347826086956524
2024-03-11,92,55,26,0.2826086956521739
2024-03-11,92,56,25,0.2717391304347826
2024-03-11,92,57,25,0.2717391304347826
2024-03-11,92,58,24,0.2608695652173913
2024-03-11,92,59,22,0.2391304347826087
2024-03-11,92,60,22,0.2391304347826087
2024-03-18,80,0,80,1.0
2024-03-18,80,1,68,0.85
2024-03-18,80,2,65,0.8125
2024-03-18,80,3,62,0.775
2024-03-18,80,4,62,0.775
2024-03-18,80,5,60,0.75
2024-03-18,80,6,60,0.75
2024-03-18,80,7,59,0.7375
2024-03-18,80,8,58,0.725
2024-03-18,80,9,58,0.725
2024-03-18,80,10,58,0.725
2024-03-18,80,11,55,0.6875
2024-03-18,80,12,55,0.6875
2024-03-18,80,13,55,0.6875
2024-03-18,80,14,55,0.6875
2024-03-18,80,15,52,0.65
2024-03-18,80,16,50,0.625
2024-03-18,80,17,47,0.5875
2024-03-18,80,18,46,0.575
2024-03-18,80,19,44,0.55
2024-03-18,80,20,42,0.525
2024-03-18,80,21,42,0.525
2024-03-18,80,22,39,0.4875
2024-03-18,80,23,38,0.475
2024-03-18,80,24,37,0.4625
2024-03-18,80,25,34,0.425
2024-03-18,80,26,33,0.4125
2024-03-18,80,27,33,0.4125
2024-03-18,80,28,32,0.4
2024-03-18,80,29,31,0.3875
2024-03-18,80,30,31,0.3875
2024-03-18,80,31,30,0.375
2024-03-18,80,32,29,0.3625
2024-03-18,80,33,29,0.3625
2024-03-18,80,34,29,0.3625
2024-03-18,80,35,29,0.3625
2024-03-18,80,36,28,0.35
2024-03-18,80,37,28,0.35
2024-03-18,80,38,28,0.35
2024-03-18,80,39,28,0.35
2024-03-18,80,40,28,0.35
2024-03-18,80,41,28,0.35
2024-03-18,80,42,27,0.3375
2024-03-18,80,43,26,0.325
2024-03-18,80,44,24,0.3
2024-03-18,80,45,24,0.3
2024-03-18,80,46,24,0.3
2024-03-18,80,47,24,0.3
2024-03-18,80,48,22,0.275
2024-03-18,80,49,22,0.275
2024-03-18,80,50,20,0.25
2024-03-18,80,51,19,0.2375
2024-03-18,80,52,19,0.2375
2024-03-18,80,53,19,0.2375
2024-03-18,80,54,19,0.2375
2024-03-18,80,55,19,0.2375
2024-03-18,80,56,19,0.2375
2024-03-18,80,57,18,0.225
2024-03-18,80,58,18,0.225
2024-03-18,80,59,18,0.225
2024-03-18,80,60,18,0.225
2024-03-25,87,0,87,1.0
2024-03-25,87,1,69,0.7931034482758621
2024-03-25,87,2,65,0.7471264367816092
2024-03-25,87,3,64,0.735632183908046
2024-03-25,87,4,62,0.7126436781609196
2024-03-25,87,5,61,0.7011494252873564
2024-03-25,87,6,61,0.7011494252873564
2024-03-25,87,7,59,0.6781609195402298
2024-03-25,87,8,58,0.6666666666666666
2024-03-25,87,9,55,0.632183908045977
2024-03-25,87,10,55,0.632183908045977
2024-03-25,87,11,54,0.6206896551724138
2024-03-25,87,12,53,0.6091954022988506
2024-03-25,87,13,53,0.6091954022988506
2024-03-25,87,14,53,0.6091954022988506
2024-03-25,87,15,52,0.5977011494252874
2024-03-25,87,16,50,0.5747126436781609
2024-03-25,87,17,48,0.5517241379310345
2024-03-25,87,18,45,0.5172413793103449
2024-03-25,87,19,44,0.5057471264367817
2024-03-25,87,20,41,0.47126436781609193
2024-03-25,87,21,40,0.45977011494252873
2024-03-25,87,22,39,0.4482758620689655
2024-03-25,87,23,38,0.4367816091954023
2024-03-25,87,24,37,0.42528735632183906
2024-03-25,87,25,33,0.3793103448275862
2024-03-25,87,26,32,0.367816091954023
2024-03-25,87,27,31,0.3563218390804598
2024-03-25,87,28,29,0.3333333333333333
2024-03-25,87,29,28,0.3218390804597701
2024-03-25,87,30,26,0.2988505747126437
2024-03-25,87,31,24,0.27586206896551724
2024-03-25,87,32,24,0.27586206896551724
2024-03-25,87,33,24,0.27586206896551724
2024-03-25,87,34,22,0.25287356321839083
2024-03-25,87,35,22,0.25287356321839083
2024-03-25,87,36,21,0.2413793103448276
2024-03-25,87,37,21,0.2413793103448276
2024-03-25,87,38,21,0.2413793103448276
2024-03-25,87,39,20,0.22988505747126436
2024-03-25,87,40,20,0.22988505747126436
2024-03-25,87,41,20,0.22988505747126436
2024-03-25,87,42,20,0.22988505747126436
2024-03-25,87,43,19,0.21839080459770116
2024-03-25,87,44,18,0.20689655172413793
2024-03-25,87,45,18,0.20689655172413793
2024-03-25,87,46,18,0.20689655172413793
2024-03-25,87,47,18,0.20689655172413793
2024-03-25,87,48,17,0.19540229885057472
2024-03-25,87,49,17,0.19540229885057472
2024-03-25,87,50,17,0.19540229885057472
2024-03-25,87,51,16,0.1839080459770115
2024-03-25,87,52,15,0.1724137931034483
2024-03-25,87,53,14,0.16091954022988506
2024-03-25,87,54,14,0.16091954022988506
2024-03-25,87,55,14,0.16091954022988506
2024-03-25,87,56,14,0.16091954022988506
2024-03-25,87,57,14,0.16091954022988506
2024-03-25,87,58,14,0.16091954022988506
2024-03-25,87,59,14,0.16091954022988506
2024-03-25,87,60,14,0.16091954022988506
2024-04-01,78,0,78,1.0
2024-04-01,78,1,68,0.8717948717948718
2024-04-01,78,2,63,0.8076923076923077
2024-04-01,78,3,63,0.8076923076923077
2024-04-01,78,4,61,0.782051282051282
2024-04-01,78,5,58,0.7435897435897436
2024-04-01,78,6,57,0.7307692307692307
2024-04-01,78,7,54,0.6923076923076923
2024-04-01,78,8,52,0.6666666666666666
2024-04-01,78,9,52,0.6666666666666666
2024-04-01,78,10,52,0.6666666666666666
2024-04-01,78,11,52,0.6666666666666666
2024-04-01,78,12,51,0.6538461538461539
2024-04-01,78,13,48,0.6153846153846154
2024-04-01,78,14,47,0.6025641025641025
2024-04-01,78,15,45,0.5769230769230769
2024-04-01,78,16,44,0.5641025641025641
2024-04-01,78,17,42,0.5384615384615384
2024-04-01,78,18,41,0.5256410256410257
2024-04-01,78,19,41,0.5256410256410257
2024-04-01,78,20,39,0.5
2024-04-01,78,21,38,0.48717948717948717
2024-04-01,78,22,37,0.47435897435897434
2024-04-01,78,23,35,0.44871794871794873
2024-04-01,78,24,35,0.44871794871794873
2024-04-01,78,25,35,0.44871794871794873
2024-04-01,78,26,35,0.44871794871794873
2024-04-01,78,27,34,0.4358974358974359
2024-04-01,78,28,33,0.4230769230769231
2024-04-01,78,29,33,0.4230769230769231
2024-04-01,78,30,33,0.4230769230769231
2024-04-01,78,31,32,0.41025641025641024
2024-04-01,78,32,31,0.3974358974358974
2024-04-01,78,33,30,0.38461538461538464
2024-04-01,78,34,30,0.38461538461538464
2024-04-01,78,35,30,0.38461538461538464
2024-04-01,78,36,26,0.3333333333333333
2024-04-01,78,37,26,0.3333333333333333
2024-04-01,78,38,24,0.3076923076923077
2024-04-01,78,39,24,0.3076923076923077
2024-04-01,78,40,24,0.3076923076923077
2024-04-01,78,41,22,0.28205128205128205
2024-04-01,78,42,22,0.28205128205128205
2024-04-01,78,43,22,0.28205128205128205
2024-04-01,78,44,22,0.28205128205128205
2024-04-01,78,45,22,0.28205128205128205
2024-04-01,78,46,21,0.2692307692307692
2024-04-01,78,47,19,0.24358974358974358
2024-04-01,78,48,19,0.24358974358974358
2024-04-01,78,49,19,0.24358974358974358
2024-04-01,78,50,18,0.23076923076923078
2024-04-01,78,51,17,0.21794871794871795
2024-04-01,78,52,17,0.21794871794871795
2024-04-01,78,53,17,0.21794871794871795
2024-04-01,78,54,17,0.21794871794871795
2024-04-01,78,55,17,0.21794871794871795
2024-04-01,78,56,17,0.21794871794871795
2024-04-01,78,57,15,0.19230769230769232
2024-04-01,78,58,15,0.19230769230769232
2024-04-01,78,59,14,0.1794871794871795
2024-04-01,78,60,14,0.1794871794871795
2024-04-08,97,0,97,1.0
2024-04-08,97,1,77,0.7938144329896907
2024-04-08,97,2,74,0.7628865979381443
2024-04-08,97,3,72,0.7422680412371134
2024-04-08,97,4,67,0.6907216494845361
2024-04-08,97,5,66,0.6804123711340206
2024-04-08,97,6,65,0.6701030927835051
2024-04-08,97,7,65,0.6701030927835051
2024-04-08,97,8,63,0.6494845360824743
2024-04-08,97,9,63,0.6494845360824743
2024-04-08,97,10,61,0.6288659793814433
2024-04-08,97,11,61,0.6288659793814433
2024-04-08,97,12,61,0.6288659793814433
2024-04-08,97,13,60,0.6185567010309279
2024-04-08,97,14,59,0.6082474226804123
2024-04-08,97,15,59,0.6082474226804123
2024-04-08,97,16,57,0.5876288659793815
2024-04-08,97,17,56,0.5773195876288659
2024-04-08,97,18,54,0.5567010309278351
2024-04-08,97,19,52,0.5360824742268041
2024-04-08,97,20,51,0.5257731958762887
2024-04-08,97,21,51,0.5257731958762887
2024-04-08,97,22,51,0.5257731958762887
2024-04-08,97,23,48,0.4948453608247423
2024-04-08,97,24,48,0.4948453608247423
2024-04-08,97,25,46,0.4742268041237113
2024-04-08,97,26,43,0.44329896907216493
2024-04-08,97,27,41,0.422680412371134
2024-04-08,97,28,40,0.41237113402061853
2024-04-08,97,29,40,0.41237113402061853
2024-04-08,97,30,39,0.4020618556701031
2024-04-08,97,31,39,0.4020618556701031
2024-04-08,97,32,36,0.3711340206185567
2024-04-08,97,33,35,0.36082474226804123
2024-04-08,97,34,34,0.35051546391752575
2024-04-08,97,35,32,0.32989690721649484
2024-04-08,97,36,32,0.32989690721649484
2024-04-08,97,37,30,0.30927835051546393
2024-04-08,97,38,29,0.29896907216494845
2024-04-08,97,39,27,0.27835051546391754
2024-04-08,97,40,26,0.26804123711340205
2024-04-08,97,41,25,0.25773195876288657
2024-04-08,97,42,25,0.25773195876288657
2024-04-08,97,43,25,0.25773195876288657
2024-04-08,97,44,25,0.25773195876288657
2024-04-08,97,45,24,0.24742268041237114
2024-04-08,97,46,24,0.24742268041237114
2024-04-08,97,47,22,0.2268041237113402
2024-04-08,97,48,21,0.21649484536082475
2024-04-08,97,49,21,0.21649484536082475
2024-04-08,97,50,20,0.20618556701030927
2024-04-08,97,51,20,0.20618556701030927
2024-04-08,97,52,20,0.20618556701030927
2024-04-08,97,53,20,0.20618556701030927
2024-04-08,97,54,20,0.20618556701030927
2024-04-08,97,55,20,0.20618556701030927
2024-04-08,97,56,20,0.20618556701030927
2024-04-08,97,57,20,0.20618556701030927
2024-04-08,97,58,20,0.20618556701030927
2024-04-08,97,59,19,0.1958762886597938
2024-04-08,97,60,18,0.18556701030927836
2024-04-15,81,0,81,1.0
2024-04-15,81,1,66,0.8148148148148148
2024-04-15,81,2,66,0.8148148148148148
2024-04-15,81,3,65,0.8024691358024691
2024-04-15,81,4,60,0.7407407407407407
2024-04-15,81,5,58,0.7160493827160493
2024-04-15,81,6,57,0.7037037037037037
2024-04-15,81,7,54,0.6666666666666666
2024-04-15,81,8,53,0.654320987654321
2024-04-15,81,9,53,0.654320987654321
2024-04-15,81,10,52,0.6419753086419753
2024-04-15,81,11,52,0.6419753086419753
2024-04-15,81,12,51,0.6296296296296297
2024-04-15,81,13,49,0.6049382716049383
2024-04-15,81,14,48,0.5925925925925926
2024-04-15,81,15,48,0.5925925925925926
2024-04-15,81,16,45,0.5555555555555556
2024-04-15,81,17,44,0.5432098765432098
2024-04-15,81,18,43,0.5308641975308642
2024-04-15,81,19,43,0.5308641975308642
2024-04-15,81,20,43,0.5308641975308642
2024-04-15,81,21,43,0.5308641975308642
2024-04-15,81,22,38,0.4691358024691358
2024-04-15,81,23,38,0.4691358024691358
2024-04-15,81,24,37,0.4567901234567901
2024-04-15,81,25,36,0.4444444444444444
2024-04-15,81,26,36,0.4444444444444444
2024-04-15,81,27,35,0.43209876543209874
2024-04-15,81,28,35,0.43209876543209874
2024-04-15,81,29,34,0.41975308641975306
2024-04-15,81,30,34,0.41975308641975306
2024-04-15,81,31,33,0.4074074074074074
2024-04-15,81,32,33,0.4074074074074074
2024-04-15,81,33,32,0.3950617283950617
2024-04-15,81,34,31,0.38271604938271603
2024-04-15,81,35,31,0.38271604938271603
2024-04-15,81,36,31,0.38271604938271603
2024-04-15,81,37,31,0.38271604938271603
2024-04-15,81,38,29,0.35802469135802467
2024-04-15,81,39,28,0.345679012345679
2024-04-15,81,40,28,0.345679012345679
2024-04-15,81,41,26,0.32098765432098764
2024-04-15,81,42,24,0.2962962962962963
2024-04-15,81,43,21,0.25925925925925924
2024-04-15,81,44,21,0.25925925925925924
2024-04-15,81,45,21,0.25925925925925924
2024-04-15,81,46,19,0.2345679012345679
2024-04-15,81,47,19,0.2345679012345679
2024-04-15,81,48,18,0.2222222222222222
2024-04-15,81,49,16,0.19753086419753085
2024-04-15,81,50,15,0.18518518518518517
2024-04-15,81,51,15,0.18518518518518517
2024-04-15,81,52,12,0.14814814814814814
2024-04-15,81,53,11,0.13580246913580246
2024-04-15,81,54,10,0.12345679012345678
2024-04-15,81,55,9,0.1111111111111111
2024-04-15,81,56,9,0.1111111111111111
2024-04-15,81,57,8,0.09876543209876543
2024-04-15,81,58,8,0.09876543209876543
2024-04-15,81,59,7,0.08641975308641975
2024-04-15,81,60,7,0.08641975308641975
2024-04-22,63,0,63,1.0
2024-04-22,63,1,53,0.8412698412698413
2024-04-22,63,2,52,0.8253968253968254
2024-04-22,63,3,51,0.8095238095238095
2024-04-22,63,4,51,0.8095238095238095
2024-04-22,63,5,47,0.746031746031746
2024-04-22,63,6,47,0.746031746031746
2024-04-22,63,7,46,0.7301587301587301
2024-04-22,63,8,42,0.6666666666666666
2024-04-22,63,9,42,0.6666666666666666
2024-04-22,63,10,41,0.6507936507936508
2024-04-22,63,11,40,0.6349206349206349
2024-04-22,63,12,40,0.6349206349206349
2024-04-22,63,13,40,0.6349206349206349
2024-04-22,63,14,40,0.6349206349206349
2024-04-22,63,15,39,0.6190476190476191
2024-04-22,63,16,38,0.6031746031746031
2024-04-22,63,17,34,0.5396825396825397
2024-04-22,63,18,32,0.5079365079365079
2024-04-22,63,19,28,0.4444444444444444
2024-04-22,63,20,27,0.42857142857142855
2024-04-22,63,21,25,0.3968253968253968
2024-04-22,63,22,25,0.3968253968253968
2024-04-22,63,23,25,0.3968253968253968
2024-04-22,63,24,25,0.3968253968253968
2024-04-22,63,25,25,0.3968253968253968
2024-04-22,63,26,22,0.3492063492063492
2024-04-22,63,27,21,0.3333333333333333
2024-04-22,63,28,20,0.31746031746031744
2024-04-22,63,29,19,0.30158730158730157
2024-04-22,63,30,18,0.2857142857142857
2024-04-22,63,31,18,0.2857142857142857
2024-04-22,63,32,15,0.23809523809523808
2024-04-22,63,33,15,0.23809523809523808
2024-04-22,63,34,15,0.23809523809523808
2024-04-22,63,35,15,0.23809523809523808
2024-04-22,63,36,14,0.2222222222222222
2024-04-22,63,37,14,0.2222222222222222
2024-04-22,63,38,14,0.2222222222222222
2024-04-22,63,39,14,0.2222222222222222
2024-04-22,63,40,14,0.2222222222222222
2024-04-22,63,41,13,0.20634920634920634
2024-04-22,63,42,13,0.20634920634920634
2024-04-22,63,43,13,0.20634920634920634
2024-04-22,63,44,13,0.20634920634920634
2024-04-22,63,45,13,0.20634920634920634
2024-04-22,63,46,13,0.20634920634920634
2024-04-22,63,47,13,0.20634920634920634
2024-04-22,63,48,12,0.19047619047619047
2024-04-22,63,49,12,0.19047619047619047
2024-04-22,63,50,12,0.19047619047619047
2024-04-22,63,51,12,0.19047619047619047
2024-04-22,63,52,12,0.19047619047619047
2024-04-22,63,53,12,0.19047619047619047
2024-04-22,63,54,12,0.19047619047619047
2024-04-22,63,55,11,0.1746031746031746
2024-04-22,63,56,11,0.1746031746031746
2024-04-22,63,57,11,0.1746031746031746
2024-04-22,63,58,11,0.1746031746031746
2024-04-22,63,59,11,0.1746031746031746
2024-04-22,63,60,11,0.1746031746031746
2024-04-29,69,0,69,1.0
2024-04-29,69,1,57,0.8260869565217391
2024-04-29,69,2,56,0.8115942028985508
2024-04-29,69,3,54,0.782608695652174
2024-04-29,69,4,52,0.7536231884057971
2024-04-29,69,5,50,0.7246376811594203
2024-04-29,69,6,50,0.7246376811594203
2024-04-29,69,7,48,0.6956521739130435
2024-04-29,69,8,46,0.6666666666666666
2024-04-29,69,9,46,0.6666666666666666
2024-04-29,69,10,45,0.6521739130434783
2024-04-29,69,11,44,0.6376811594202898
2024-04-29,69,12,44,0.6376811594202898
2024-04-29,69,13,43,0.6231884057971014
2024-04-29,69,14,43,0.6231884057971014
2024-04-29,69,15,43,0.6231884057971014
2024-04-29,69,16,40,0.5797101449275363
2024-04-29,69,17,39,0.5652173913043478
2024-04-29,69,18,38,0.5507246376811594
2024-04-29,69,19,38,0.5507246376811594
2024-04-29,69,20,38,0.5507246376811594
2024-04-29,69,21,37,0.5362318840579711
2024-04-29,69,22,37,0.5362318840579711
2024-04-29,69,23,37,0.5362318840579711
2024-04-29,69,24,37,0.5362318840579711
2024-04-29,69,25,37,0.5362318840579711
2024-04-29,69,26,36,0.5217391304347826
2024-04-29,69,27,36,0.5217391304347826
2024-04-29,69,28,34,0.4927536231884058
2024-04-29,69,29,34,0.4927536231884058
2024-04-29,69,30,34,0.4927536231884058
2024-04-29,69,31,32,0.463768115942029
2024-04-29,69,32,32,0.463768115942029
2024-04-29,69,33,32,0.463768115942029
2024-04-29,69,34,31,0.4492753623188406
2024-04-29,69,35,30,0.43478260869565216
2024-04-29,69,36,29,0.42028985507246375
2024-04-29,69,37,28,0.4057971014492754
2024-04-29,69,38,28,0.4057971014492754
2024-04-29,69,39,27,0.391304347826087
2024-04-29,69,40,27,0.391304347826087
2024-04-29,69,41,26,0.37681159420289856
2024-04-29,69,42,25,0.36231884057971014
2024-04-29,69,43,24,0.34782608695652173
2024-04-29,69,44,23,0.3333333333333333
2024-04-29,69,45,22,0.3188405797101449
2024-04-29,69,46,20,0.2898550724637681
2024-04-29,69,47,19,0.2753623188405797
2024-04-29,69,48,17,0.2463768115942029
2024-04-29,69,49,16,0.2318840579710145
2024-04-29,69,50,16,0.2318840579710145
2024-04-29,69,51,15,0.21739130434782608
2024-04-29,69,52,14,0.2028985507246377
2024-04-29,69,53,14,0.2028985507246377
2024-04-29,69,54,14,0.2028985507246377
2024-04-29,69,55,14,0.2028985507246377
2024-04-29,69,56,14,0.2028985507246377
2024-04-29,69,57,14,0.2028985507246377
2024-04-29,69,58,14,0.2028985507246377
2024-04-29,69,59,14,0.2028985507246377
2024-04-29,69,60,12,0.17391304347826086
2024-05-06,102,0,102,1.0
2024-05-06,102,1,86,0.8431372549019608
2024-05-06,102,2,81,0.7941176470588235
2024-05-06,102,3,76,0.7450980392156863
2024-05-06,102,4,73,0.7156862745098039
2024-05-06,102,5,71,0.696078431372549
2024-05-06,102,6,71,0.696078431372549
2024-05-06,102,7,70,0.6862745098039216
2024-05-06,102,8,69,0.6764705882352942
2024-05-06,102,9,67,0.6568627450980392
2024-05-06,102,10,66,0.6470588235294118
2024-05-06,102,11,65,0.6372549019607843
2024-05-06,102,12,62,0.6078431372549019
2024-05-06,102,13,62,0.6078431372549019
2024-05-06,102,14,60,0.5882352941176471
2024-05-06,102,15,59,0.5784313725490197
2024-05-06,102,16,57,0.5588235294117647
2024-05-06,102,17,56,0.5490196078431373
2024-05-06,102,18,52,0.5098039215686274
2024-05-06,102,19,49,0.4803921568627451
2024-05-06,102,20,49,0.4803921568627451
2024-05-06,102,21,47,0.46078431372549017
2024-05-06,102,22,46,0.45098039215686275
2024-05-06,102,23,45,0.4411764705882353
2024-05-06,102,24,44,0.43137254901960786
2024-05-06,102,25,43,0.4215686274509804
2024-05-06,102,26,42,0.4117647058823529
2024-05-06,102,27,40,0.39215686274509803
2024-05-06,102,28,39,0.38235294117647056
2024-05-06,102,29,39,0.38235294117647056
2024-05-06,102,30,38,0.37254901960784315
2024-05-06,102,31,38,0.37254901960784315
2024-05-06,102,32,38,0.37254901960784315
2024-05-06,102,33,38,0.37254901960784315
2024-05-06,102,34,37,0.3627450980392157
2024-05-06,102,35,36,0.35294117647058826
2024-05-06,102,36,35,0.3431372549019608
2024-05-06,102,37,34,0.3333333333333333
2024-05-06,102,38,32,0.3137254901960784
2024-05-06,102,39,32,0.3137254901960784
2024-05-06,102,40,31,0.30392156862745096
2024-05-06,102,41,29,0.28431372549019607
2024-05-06,102,42,27,0.2647058823529412
2024-05-06,102,43,27,0.2647058823529412
2024-05-06,102,44,27,0.2647058823529412
2024-05-06,102,45,26,0.2549019607843137
2024-05-06,102,46,25,0.24509803921568626
2024-05-06,102,47,25,0.24509803921568626
2024-05-06,102,48,25,0.24509803921568626
2024-05-06,102,49,24,0.23529411764705882
2024-05-06,102,50,24,0.23529411764705882
2024-05-06,102,51,23,0.22549019607843138
2024-05-06,102,52,22,0.21568627450980393
2024-05-06,102,53,22,0.21568627450980393
2024-05-06,102,54,21,0.20588235294117646
2024-05-06,102,55,21,0.20588235294117646
2024-05-06,102,56,21,0.20588235294117646
2024-05-06,102,57,21,0.20588235294117646
2024-05-06,102,58,21,0.20588235294117646
2024-05-06,102,59,21,0.20588235294117646
2024-05-06,102,60,20,0.19607843137254902
2024-05-13,71,0,71,1.0
2024-05-13,71,1,57,0.8028169014084507
2024-05-13,71,2,57,0.8028169014084507
2024-05-13,71,3,53,0.7464788732394366
2024-05-13,71,4,52,0.7323943661971831
2024-05-13,71,5,50,0.704225352112676
2024-05-13,71,6,49,0.6901408450704225
2024-05-13,71,7,48,0.676056338028169
2024-05-13,71,8,45,0.6338028169014085
2024-05-13,71,9,45,0.6338028169014085
2024-05-13,71,10,45,0.6338028169014085
2024-05-13,71,11,45,0.6338028169014085
2024-05-13,71,12,42,0.5915492957746479
2024-05-13,71,13,40,0.5633802816901409
2024-05-13,71,14,38,0.5352112676056338
2024-05-13,71,15,38,0.5352112676056338
2024-05-13,71,16,37,0.5211267605633803
2024-05-13,71,17,37,0.5211267605633803
2024-05-13,71,18,37,0.5211267605633803
2024-05-13,71,19,36,0.5070422535211268
2024-05-13,71,20,35,0.49295774647887325
2024-05-13,71,21,34,0.4788732394366197
2024-05-13,71,22,34,0.4788732394366197
2024-05-13,71,23,34,0.4788732394366197
2024-05-13,71,24,31,0.43661971830985913
2024-05-13,71,25,28,0.39436619718309857
2024-05-13,71,26,27,0.38028169014084506
2024-05-13,71,27,26,0.36619718309859156
2024-05-13,71,28,26,0.36619718309859156
2024-05-13,71,29,26,0.36619718309859156
2024-05-13,71,30,26,0.36619718309859156
2024-05-13,71,31,26,0.36619718309859156
2024-05-13,71,32,26,0.36619718309859156
2024-05-13,71,33,26,0.36619718309859156
2024-05-13,71,34,25,0.352112676056338
2024-05-13,71,35,25,0.352112676056338
2024-05-13,71,36,23,0.323943661971831
2024-05-13,71,37,23,0.323943661971831
2024-05-13,71,38,22,0.30985915492957744
2024-05-13,71,39,22,0.30985915492957744
2024-05-13,71,40,22,0.30985915492957744
2024-05-13,71,41,21,0.29577464788732394
2024-05-13,71,42,18,0.2535211267605634
2024-05-13,71,43,18,0.2535211267605634
2024-05-13,71,44,18,0.2535211267605634
2024-05-13,71,45,16,0.22535211267605634
2024-05-13,71,46,16,0.22535211267605634
2024-05-13,71,47,16,0.22535211267605634
2024-05-13,71,48,16,0.22535211267605634
2024-05-13,71,49,16,0.22535211267605634
2024-05-13,71,50,16,0.22535211267605634
2024-05-13,71,51,16,0.22535211267605634
2024-05-13,71,52,16,0.22535211267605634
2024-05-13,71,53,16,0.22535211267605634
2024-05-13,71,54,16,0.22535211267605634
2024-05-13,71,55,14,0.19718309859154928
2024-05-13,71,56,14,0.19718309859154928
2024-05-13,71,57,14,0.19718309859154928
2024-05-13,71,58,13,0.18309859154929578
2024-05-13,71,59,12,0.16901408450704225
2024-05-13,71,60,12,0.16901408450704225
2024-05-20,82,0,82,1.0
2024-05-20,82,1,66,0.8048780487804879
2024-05-20,82,2,65,0.7926829268292683
2024-05-20,82,3,64,0.7804878048780488
2024-05-20,82,4,63,0.7682926829268293
2024-05-20,82,5,63,0.7682926829268293
2024-05-20,82,6,62,0.7560975609756098
2024-05-20,82,7,59,0.7195121951219512
2024-05-20,82,8,56,0.6829268292682927
2024-05-20,82,9,55,0.6707317073170732
2024-05-20,82,10,54,0.6585365853658537
2024-05-20,82,11,54,0.6585365853658537
2024-05-20,82,12,54,0.6585365853658537
2024-05-20,82,13,51,0.6219512195121951
2024-05-20,82,14,49,0.5975609756097561
2024-05-20,82,15,48,0.5853658536585366
2024-05-20,82,16,46,0.5609756097560976
2024-05-20,82,17,45,0.5487804878048781
2024-05-20,82,18,45,0.5487804878048781
2024-05-20,82,19,44,0.5365853658536586
2024-05-20,82,20,40,0.4878048780487805
2024-05-20,82,21,40,0.4878048780487805
2024-05-20,82,22,39,0.47560975609756095
2024-05-20,82,23,38,0.4634146341463415
2024-05-20,82,24,37,0.45121951219512196
2024-05-20,82,25,36,0.43902439024390244
2024-05-20,82,26,35,0.4268292682926829
2024-05-20,82,27,34,0.4146341463414634
2024-05-20,82,28,33,0.4024390243902439
2024-05-20,82,29,33,0.4024390243902439
2024-05-20,82,30,33,0.4024390243902439
2024-05-20,82,31,33,0.4024390243902439
2024-05-20,82,32,32,0.3902439024390244
2024-05-20,82,33,30,0.36585365853658536
2024-05-20,82,34,30,0.36585365853658536
2024-05-20,82,35,28,0.34146341463414637
2024-05-20,82,36,28,0.34146341463414637
2024-05-20,82,37,28,0.34146341463414637
2024-05-20,82,38,28,0.34146341463414637
2024-05-20,82,39,28,0.34146341463414637
2024-05-20,82,40,26,0.3170731707317073
2024-05-20,82,41,25,0.3048780487804878
2024-05-20,82,42,25,0.3048780487804878
2024-05-20,82,43,24,0.2926829268292683
2024-05-20,82,44,23,0.2804878048780488
2024-05-20,82,45,22,0.2682926829268293
2024-05-20,82,46,22,0.2682926829268293
2024-05-20,82,47,21,0.25609756097560976
2024-05-20,82,48,21,0.25609756097560976
2024-05-20,82,49,21,0.25609756097560976
2024-05-20,82,50,21,0.25609756097560976
2024-05-20,82,51,19,0.23170731707317074
2024-05-20,82,52,18,0.21951219512195122
2024-05-20,82,53,18,0.21951219512195122
2024-05-20,82,54,17,0.2073170731707317
2024-05-20,82,55,17,0.2073170731707317
2024-05-20,82,56,17,0.2073170731707317
2024-05-20,82,57,16,0.1951219512195122
2024-05-20,82,58,16,0.1951219512195122
2024-05-20,82,59,16,0.1951219512195122
2024-05-20,82,60,16,0.1951219512195122
2024-05-27,89,0,89,1.0
2024-05-27,89,1,78,0.8764044943820225
2024-05-27,89,2,76,0.8539325842696629
2024-05-27,89,3,75,0.8426966292134831
2024-05-27,89,4,74,0.8314606741573034
2024-05-27,89,5,71,0.797752808988764
2024-05-27,89,6,69,0.7752808988764045
2024-05-27,89,7,68,0.7640449438202247
2024-05-27,89,8,62,0.6966292134831461
2024-05-27,89,9,62,0.6966292134831461
2024-05-27,89,10,61,0.6853932584269663
2024-05-27,89,11,59,0.6629213483146067
2024-05-27,89,12,59,0.6629213483146067
2024-05-27,89,13,58,0.651685393258427
2024-05-27,89,14,57,0.6404494382022472
2024-05-27,89,15,55,0.6179775280898876
2024-05-27,89,16,54,0.6067415730337079
2024-05-27,89,17,54,0.6067415730337079
2024-05-27,89,18,53,0.5955056179775281
2024-05-27,89,19,53,0.5955056179775281
2024-05-27,89,20,51,0.5730337078651685
2024-05-27,89,21,48,0.5393258426966292
2024-05-27,89,22,48,0.5393258426966292
2024-05-27,89,23,48,0.5393258426966292
2024-05-27,89,24,48,0.5393258426966292
2024-05-27,89,25,46,0.5168539325842697
2024-05-27,89,26,45,0.5056179775280899
2024-05-27,89,27,45,0.5056179775280899
2024-05-27,89,28,45,0.5056179775280899
2024-05-27,89,29,45,0.5056179775280899
2024-05-27,89,30,45,0.5056179775280899
2024-05-27,89,31,42,0.47191011235955055
2024-05-27,89,32,39,0.43820224719101125
2024-05-27,89,33,38,0.42696629213483145
2024-05-27,89,34,38,0.42696629213483145
2024-05-27,89,35,38,0.42696629213483145
2024-05-27,89,36,37,0.4157303370786517
2024-05-27,89,37,37,0.4157303370786517
2024-05-27,89,38,35,0.39325842696629215
2024-05-27,89,39,35,0.39325842696629215
2024-05-27,89,40,33,0.3707865168539326
2024-05-27,89,41,31,0.34831460674157305
2024-05-27,89,42,31,0.34831460674157305
2024-05-27,89,43,29,0.3258426966292135
2024-05-27,89,44,27,0.30337078651685395
2024-05-27,89,45,27,0.30337078651685395
2024-05-27,89,46,26,0.29213483146067415
2024-05-27,89,47,24,0.2696629213483146
2024-05-27,89,48,23,0.25842696629213485
2024-05-27,89,49,23,0.25842696629213485
2024-05-27,89,50,23,0.25842696629213485
2024-05-27,89,51,22,0.24719101123595505
2024-05-27,89,52,22,0.24719101123595505
2024-05-27,89,53,20,0.2247191011235955
2024-05-27,89,54,20,0.2247191011235955
2024-05-27,89,55,20,0.2247191011235955
2024-05-27,89,56,19,0.21348314606741572
2024-05-27,89,57,19,0.21348314606741572
2024-05-27,89,58,19,0.21348314606741572
2024-05-27,89,59,19,0.21348314606741572
2024-05-27,89,60,18,0.20224719101123595
2024-06-03,80,0,80,1.0
2024-06-03,80,1,65,0.8125
2024-06-03,80,2,65,0.8125
2024-06-03,80,3,65,0.8125
2024-06-03,80,4,65,0.8125
2024-06-03,80,5,61,0.7625
2024-06-03,80,6,59,0.7375
2024-06-03,80,7,59,0.7375
2024-06-03,80,8,56,0.7
2024-06-03,80,9,56,0.7
2024-06-03,80,10,53,0.6625
2024-06-03,80,11,51,0.6375
2024-06-03,80,12,51,0.6375
2024-06-03,80,13,51,0.6375
2024-06-03,80,14,50,0.625
2024-06-03,80,15,49,0.6125
2024-06-03,80,16,48,0.6
2024-06-03,80,17,48,0.6
2024-06-03,80,18,47,0.5875
2024-06-03,80,19,44,0.55
2024-06-03,80,20,42,0.525
2024-06-03,80,21,41,0.5125
2024-06-03,80,22,38,0.475
2024-06-03,80,23,38,0.475
2024-06-03,80,24,35,0.4375
2024-06-03,80,25,35,0.4375
2024-06-03,80,26,35,0.4375
2024-06-03,80,27,34,0.425
2024-06-03,80,28,34,0.425
2024-06-03,80,29,34,0.425
2024-06-03,80,30,33,0.4125
2024-06-03,80,31,33,0.4125
2024-06-03,80,32,32,0.4
2024-06-03,80,33,32,0.4
2024-06-03,80,34,31,0.3875
2024-06-03,80,35,31,0.3875
2024-06-03,80,36,30,0.375
2024-06-03,80,37,30,0.375
2024-06-03,80,38,29,0.3625
2024-06-03,80,39,29,0.3625
2024-06-03,80,40,29,0.3625
2024-06-03,80,41,29,0.3625
2024-06-03,80,42,29,0.3625
2024-06-03,80,43,29,0.3625
2024-06-03,80,44,28,0.35
2024-06-03,80,45,28,0.35
2024-06-03,80,46,27,0.3375
2024-06-03,80,47,24,0.3
2024-06-03,80,48,23,0.2875
2024-06-03,80,49,22,0.275
2024-06-03,80,50,22,0.275
2024-06-03,80,51,21,0.2625
2024-06-03,80,52,21,0.2625
2024-06-03,80,53,21,0.2625
2024-06-03,80,54,21,0.2625
2024-06-03,80,55,21,0.2625
2024-06-03,80,56,21,0.2625
2024-06-03,80,57,21,0.2625
2024-06-03,80,58,20,0.25
2024-06-03,80,59,19,0.2375
2024-06-03,80,60,18,0.225
2024-06-10,71,0,71,1.0
2024-06-10,71,1,63,0.8873239436619719
2024-06-10,71,2,61,0.8591549295774648
2024-06-10,71,3,61,0.8591549295774648
2024-06-10,71,4,57,0.8028169014084507
2024-06-10,71,5,55,0.7746478873239436
2024-06-10,71,6,52,0.7323943661971831
2024-06-10,71,7,49,0.6901408450704225
2024-06-10,71,8,45,0.6338028169014085
2024-06-10,71,9,45,0.6338028169014085
2024-06-10,71,10,42,0.5915492957746479
2024-06-10,71,11,42,0.5915492957746479
2024-06-10,71,12,41,0.5774647887323944
2024-06-10,71,13,39,0.5492957746478874
2024-06-10,71,14,39,0.5492957746478874
2024-06-10,71,15,39,0.5492957746478874
2024-06-10,71,16,39,0.5492957746478874
2024-06-10,71,17,39,0.5492957746478874
2024-06-10,71,18,39,0.5492957746478874
2024-06-10,71,19,39,0.5492957746478874
2024-06-10,71,20,39,0.5492957746478874
2024-06-10,71,21,38,0.5352112676056338
2024-06-10,71,22,37,0.5211267605633803
2024-06-10,71,23,36,0.5070422535211268
2024-06-10,71,24,34,0.4788732394366197
2024-06-10,71,25,32,0.4507042253521127
2024-06-10,71,26,32,0.4507042253521127
2024-06-10,71,27,31,0.43661971830985913
2024-06-10,71,28,30,0.4225352112676056
2024-06-10,71,29,27,0.38028169014084506
2024-06-10,71,30,27,0.38028169014084506
2024-06-10,71,31,25,0.352112676056338
2024-06-10,71,32,25,0.352112676056338
2024-06-10,71,33,25,0.352112676056338
2024-06-10,71,34,25,0.352112676056338
2024-06-10,71,35,25,0.352112676056338
2024-06-10,71,36,24,0.3380281690140845
2024-06-10,71,37,24,0.3380281690140845
2024-06-10,71,38,24,0.3380281690140845
2024-06-10,71,39,24,0.3380281690140845
2024-06-10,71,40,24,0.3380281690140845
2024-06-10,71,41,23,0.323943661971831
2024-06-10,71,42,23,0.323943661971831
2024-06-10,71,43,23,0.323943661971831
2024-06-10,71,44,23,0.323943661971831
2024-06-10,71,45,23,0.323943661971831
2024-06-10,71,46,22,0.30985915492957744
2024-06-10,71,47,21,0.29577464788732394
2024-06-10,71,48,20,0.28169014084507044
2024-06-10,71,49,20,0.28169014084507044
2024-06-10,71,50,19,0.2676056338028169
2024-06-10,71,51,18,0.2535211267605634
2024-06-10,71,52,18,0.2535211267605634
2024-06-10,71,53,18,0.2535211267605634
2024-06-10,71,54,17,0.23943661971830985
2024-06-10,71,55,17,0.23943661971830985
2024-06-10,71,56,17,0.23943661971830985
2024-06-10,71,57,17,0.23943661971830985
2024-06-10,71,58,17,0.23943661971830985
2024-06-10,71,59,16,0.22535211267605634
2024-06-10,71,60,15,0.2112676056338028
2024-06-17,97,0,97,1.0
2024-06-17,97,1,79,0.8144329896907216
2024-06-17,97,2,79,0.8144329896907216
2024-06-17,97,3,77,0.7938144329896907
2024-06-17,97,4,77,0.7938144329896907
2024-06-17,97,5,76,0.7835051546391752
2024-06-17,97,6,73,0.7525773195876289
2024-06-17,97,7,69,0.711340206185567
2024-06-17,97,8,68,0.7010309278350515
2024-06-17,97,9,66,0.6804123711340206
2024-06-17,97,10,63,0.6494845360824743
2024-06-17,97,11,62,0.6391752577319587
2024-06-17,97,12,61,0.6288659793814433
2024-06-17,97,13,60,0.6185567010309279
2024-06-17,97,14,58,0.5979381443298969
2024-06-17,97,15,58,0.5979381443298969
2024-06-17,97,16,58,0.5979381443298969
2024-06-17,97,17,57,0.5876288659793815
2024-06-17,97,18,57,0.5876288659793815
2024-06-17,97,19,56,0.5773195876288659
2024-06-17,97,20,54,0.5567010309278351
2024-06-17,97,21,54,0.5567010309278351
2024-06-17,97,22,53,0.5463917525773195
2024-06-17,97,23,53,0.5463917525773195
2024-06-17,97,24,52,0.5360824742268041
2024-06-17,97,25,49,0.5051546391752577
2024-06-17,97,26,47,0.4845360824742268
2024-06-17,97,27,47,0.4845360824742268
2024-06-17,97,28,47,0.4845360824742268
2024-06-17,97,29,46,0.4742268041237113
2024-06-17,97,30,46,0.4742268041237113
2024-06-17,97,31,45,0.4639175257731959
2024-06-17,97,32,45,0.4639175257731959
2024-06-17,97,33,45,0.4639175257731959
2024-06-17,97,34,43,0.44329896907216493
2024-06-17,97,35,42,0.4329896907216495
2024-06-17,97,36,41,0.422680412371134
2024-06-17,97,37,41,0.422680412371134
2024-06-17,97,38,39,0.4020618556701031
2024-06-17,97,39,38,0.3917525773195876
2024-06-17,97,40,36,0.3711340206185567
2024-06-17,97,41,34,0.35051546391752575
2024-06-17,97,42,34,0.35051546391752575
2024-06-17,97,43,34,0.35051546391752575
2024-06-17,97,44,34,0.35051546391752575
2024-06-17,97,45,32,0.32989690721649484
2024-06-17,97,46,30,0.30927835051546393
2024-06-17,97,47,30,0.30927835051546393
2024-06-17,97,48,30,0.30927835051546393
2024-06-17,97,49,29,0.29896907216494845
2024-06-17,97,50,28,0.28865979381443296
2024-06-17,97,51,27,0.27835051546391754
2024-06-17,97,52,26,0.26804123711340205
2024-06-17,97,53,24,0.24742268041237114
2024-06-17,97,54,24,0.24742268041237114
2024-06-17,97,55,23,0.23711340206185566
2024-06-17,97,56,23,0.23711340206185566
2024-06-17,97,57,23,0.23711340206185566
2024-06-17,97,58,22,0.2268041237113402
2024-06-17,97,59,20,0.20618556701030927
2024-06-17,97,60,19,0.1958762886597938
2024-06-24,76,0,76,1.0
2024-06-24,76,1,62,0.8157894736842105
2024-06-24,76,2,60,0.7894736842105263
2024-06-24,76,3,60,0.7894736842105263
2024-06-24,76,4,59,0.7763157894736842
2024-06-24,76,5,59,0.7763157894736842
2024-06-24,76,6,56,0.7368421052631579
2024-06-24,76,7,54,0.7105263157894737
2024-06-24,76,8,53,0.6973684210526315
2024-06-24,76,9,52,0.6842105263157895
2024-06-24,76,10,49,0.6447368421052632
2024-06-24,76,11,48,0.631578947368421
2024-06-24,76,12,46,0.6052631578947368
2024-06-24,76,13,45,0.5921052631578947
2024-06-24,76,14,44,0.5789473684210527
2024-06-24,76,15,43,0.5657894736842105
2024-06-24,76,16,41,0.5394736842105263
2024-06-24,76,17,39,0.5131578947368421
2024-06-24,76,18,38,0.5
2024-06-24,76,19,36,0.47368421052631576
2024-06-24,76,20,36,0.47368421052631576
2024-06-24,76,21,36,0.47368421052631576
2024-06-24,76,22,36,0.47368421052631576
2024-06-24,76,23,36,0.47368421052631576
2024-06-24,76,24,35,0.4605263157894737
2024-06-24,76,25,35,0.4605263157894737
2024-06-24,76,26,35,0.4605263157894737
2024-06-24,76,27,34,0.4473684210526316
2024-06-24,76,28,33,0.4342105263157895
2024-06-24,76,29,33,0.4342105263157895
2024-06-24,76,30,33,0.4342105263157895
2024-06-24,76,31,32,0.42105263157894735
2024-06-24,76,32,30,0.39473684210526316
2024-06-24,76,33,29,0.3815789473684211
2024-06-24,76,34,28,0.3684210526315789
2024-06-24,76,35,28,0.3684210526315789
2024-06-24,76,36,26,0.34210526315789475
2024-06-24,76,37,25,0.32894736842105265
2024-06-24,76,38,23,0.3026315789473684
2024-06-24,76,39,21,0.27631578947368424
2024-06-24,76,40,21,0.27631578947368424
2024-06-24,76,41,21,0.27631578947368424
2024-06-24,76,42,19,0.25
2024-06-24,76,43,18,0.23684210526315788
2024-06-24,76,44,18,0.23684210526315788
2024-06-24,76,45,18,0.23684210526315788
2024-06-24,76,46,18,0.23684210526315788
2024-06-24,76,47,18,0.23684210526315788
2024-06-24,76,48,17,0.2236842105263158
2024-06-24,76,49,16,0.21052631578947367
2024-06-24,76,50,16,0.21052631578947367
2024-06-24,76,51,16,0.21052631578947367
2024-06-24,76,52,16,0.21052631578947367
2024-06-24,76,53,16,0.21052631578947367
2024-06-24,76,54,16,0.21052631578947367
2024-06-24,76,55,16,0.21052631578947367
2024-06-24,76,56,15,0.19736842105263158
2024-06-24,76,57,14,0.18421052631578946
2024-06-24,76,58,14,0.18421052631578946
2024-06-24,76,59,13,0.17105263157894737
2024-06-24,76,60,13,0.17105263157894737
2024-07-01,77,0,77,1.0
2024-07-01,77,1,62,0.8051948051948052
2024-07-01,77,2,61,0.7922077922077922
2024-07-01,77,3,59,0.7662337662337663
2024-07-01,77,4,58,0.7532467532467533
2024-07-01,77,5,56,0.7272727272727273
2024-07-01,77,6,54,0.7012987012987013
2024-07-01,77,7,53,0.6883116883116883
2024-07-01,77,8,52,0.6753246753246753
2024-07-01,77,9,52,0.6753246753246753
2024-07-01,77,10,51,0.6623376623376623
2024-07-01,77,11,49,0.6363636363636364
2024-07-01,77,12,48,0.6233766233766234
2024-07-01,77,13,46,0.5974025974025974
2024-07-01,77,14,41,0.5324675324675324
2024-07-01,77,15,41,0.5324675324675324
2024-07-01,77,16,39,0.5064935064935064
2024-07-01,77,17,39,0.5064935064935064
2024-07-01,77,18,39,0.5064935064935064
2024-07-01,77,19,37,0.4805194805194805
2024-07-01,77,20,36,0.4675324675324675
2024-07-01,77,21,36,0.4675324675324675
2024-07-01,77,22,36,0.4675324675324675
2024-07-01,77,23,36,0.4675324675324675
2024-07-01,77,24,35,0.45454545454545453
2024-07-01,77,25,35,0.45454545454545453
2024-07-01,77,26,31,0.4025974025974026
2024-07-01,77,27,31,0.4025974025974026
2024-07-01,77,28,31,0.4025974025974026
2024-07-01,77,29,30,0.38961038961038963
2024-07-01,77,30,29,0.37662337662337664
2024-07-01,77,31,28,0.36363636363636365
2024-07-01,77,32,27,0.35064935064935066
2024-07-01,77,33,27,0.35064935064935066
2024-07-01,77,34,27,0.35064935064935066
2024-07-01,77,35,26,0.33766233766233766
2024-07-01,77,36,24,0.3116883116883117
2024-07-01,77,37,23,0.2987012987012987
2024-07-01,77,38,21,0.2727272727272727
2024-07-01,77,39,21,0.2727272727272727
2024-07-01,77,40,20,0.2597402597402597
2024-07-01,77,41,18,0.23376623376623376
2024-07-01,77,42,17,0.22077922077922077
2024-07-01,77,43,17,0.22077922077922077
2024-07-01,77,44,17,0.22077922077922077
2024-07-01,77,45,17,0.22077922077922077
2024-07-01,77,46,17,0.22077922077922077
2024-07-01,77,47,17,0.22077922077922077
2024-07-01,77,48,14,0.18181818181818182
2024-07-01,77,49,13,0.16883116883116883
2024-07-01,77,50,12,0.15584415584415584
2024-07-01,77,51,11,0.14285714285714285
2024-07-01,77,52,11,0.14285714285714285
2024-07-01,77,53,11,0.14285714285714285
2024-07-01,77,54,11,0.14285714285714285
2024-07-01,77,55,10,0.12987012987012986
2024-07-01,77,56,10,0.12987012987012986
2024-07-01,77,57,9,0.11688311688311688
2024-07-01,77,58,9,0.11688311688311688
2024-07-01,77,59,9,0.11688311688311688
2024-07-01,77,60,8,0.1038961038961039
2024-07-08,73,0,73,1.0
2024-07-08,73,1,62,0.8493150684931506
2024-07-08,73,2,62,0.8493150684931506
2024-07-08,73,3,61,0.8356164383561644
2024-07-08,73,4,59,0.8082191780821918
2024-07-08,73,5,59,0.8082191780821918
2024-07-08,73,6,58,0.7945205479452054
2024-07-08,73,7,57,0.7808219178082192
2024-07-08,73,8,55,0.7534246575342466
2024-07-08,73,9,55,0.7534246575342466
2024-07-08,73,10,52,0.7123287671232876
2024-07-08,73,11,51,0.6986301369863014
2024-07-08,73,12,49,0.6712328767123288
2024-07-08,73,13,48,0.6575342465753424
2024-07-08,73,14,46,0.6301369863013698
2024-07-08,73,15,45,0.6164383561643836
2024-07-08,73,16,43,0.589041095890411
2024-07-08,73,17,42,0.5753424657534246
2024-07-08,73,18,42,0.5753424657534246
2024-07-08,73,19,42,0.5753424657534246
2024-07-08,73,20,42,0.5753424657534246
2024-07-08,73,21,41,0.5616438356164384
2024-07-08,73,22,39,0.5342465753424658
2024-07-08,73,23,39,0.5342465753424658
2024-07-08,73,24,38,0.5205479452054794
2024-07-08,73,25,37,0.5068493150684932
2024-07-08,73,26,37,0.5068493150684932
2024-07-08,73,27,36,0.4931506849315068
2024-07-08,73,28,35,0.4794520547945205
2024-07-08,73,29,33,0.4520547945205479
2024-07-08,73,30,32,0.4383561643835616
2024-07-08,73,31,30,0.410958904109589
2024-07-08,73,32,27,0.3698630136986301
2024-07-08,73,33,27,0.3698630136986301
2024-07-08,73,34,27,0.3698630136986301
2024-07-08,73,35,27,0.3698630136986301
2024-07-08,73,36,27,0.3698630136986301
2024-07-08,73,37,26,0.3561643835616438
2024-07-08,73,38,25,0.3424657534246575
2024-07-08,73,39,25,0.3424657534246575
2024-07-08,73,40,25,0.3424657534246575
2024-07-08,73,41,23,0.3150684931506849
2024-07-08,73,42,23,0.3150684931506849
2024-07-08,73,43,22,0.3013698630136986
2024-07-08,73,44,22,0.3013698630136986
2024-07-08,73,45,21,0.2876712328767123
2024-07-08,73,46,21,0.2876712328767123
2024-07-08,73,47,20,0.273972602739726
2024-07-08,73,48,19,0.2602739726027397
2024-07-08,73,49,18,0.2465753424657534
2024-07-08,73,50,16,0.2191780821917808
2024-07-08,73,51,16,0.2191780821917808
2024-07-08,73,52,16,0.2191780821917808
2024-07-08,73,53,15,0.2054794520547945
2024-07-08,73,54,15,0.2054794520547945
2024-07-08,73,55,15,0.2054794520547945
2024-07-08,73,56,15,0.2054794520547945
2024-07-08,73,57,15,0.2054794520547945
2024-07-08,73,58,15,0.2054794520547945
2024-07-08,73,59,15,0.2054794520547945
2024-07-08,73,60,15,0.2054794520547945
2024-07-15,76,0,76,1.0
2024-07-15,76,1,59,0.7763157894736842
2024-07-15,76,2,57,0.75
2024-07-15,76,3,53,0.6973684210526315
2024-07-15,76,4,52,0.6842105263157895
2024-07-15,76,5,51,0.6710526315789473
2024-07-15,76,6,50,0.6578947368421053
2024-07-15,76,7,50,0.6578947368421053
2024-07-15,76,8,49,0.6447368421052632
2024-07-15,76,9,49,0.6447368421052632
2024-07-15,76,10,48,0.631578947368421
2024-07-15,76,11,48,0.631578947368421
2024-07-15,76,12,45,0.5921052631578947
2024-07-15,76,13,45,0.5921052631578947
2024-07-15,76,14,43,0.5657894736842105
2024-07-15,76,15,43,0.5657894736842105
2024-07-15,76,16,42,0.5526315789473685
2024-07-15,76,17,42,0.5526315789473685
2024-07-15,76,18,40,0.5263157894736842
2024-07-15,76,19,40,0.5263157894736842
2024-07-15,76,20,39,0.5131578947368421
2024-07-15,76,21,37,0.4868421052631579
2024-07-15,76,22,36,0.47368421052631576
2024-07-15,76,23,36,0.47368421052631576
2024-07-15,76,24,36,0.47368421052631576
2024-07-15,76,25,34,0.4473684210526316
2024-07-15,76,26,34,0.4473684210526316
2024-07-15,76,27,34,0.4473684210526316
2024-07-15,76,28,34,0.4473684210526316
2024-07-15,76,29,32,0.42105263157894735
2024-07-15,76,30,27,0.35526315789473684
2024-07-15,76,31,26,0.34210526315789475
2024-07-15,76,32,26,0.34210526315789475
2024-07-15,76,33,24,0.3157894736842105
2024-07-15,76,34,23,0.3026315789473684
2024-07-15,76,35,23,0.3026315789473684
2024-07-15,76,36,23,0.3026315789473684
2024-07-15,76,37,22,0.2894736842105263
2024-07-15,76,38,22,0.2894736842105263
2024-07-15,76,39,21,0.27631578947368424
2024-07-15,76,40,20,0.2631578947368421
2024-07-15,76,41,20,0.2631578947368421
2024-07-15,76,42,20,0.2631578947368421
2024-07-15,76,43,20,0.2631578947368421
2024-07-15,76,44,20,0.2631578947368421
2024-07-15,76,45,20,0.2631578947368421
2024-07-15,76,46,20,0.2631578947368421
2024-07-15,76,47,18,0.23684210526315788
2024-07-15,76,48,17,0.2236842105263158
2024-07-15,76,49,17,0.2236842105263158
2024-07-15,76,50,16,0.21052631578947367
2024-07-15,76,51,16,0.21052631578947367
2024-07-15,76,52,15,0.19736842105263158
2024-07-15,76,53,14,0.18421052631578946
2024-07-15,76,54,13,0.17105263157894737
2024-07-15,76,55,13,0.17105263157894737
2024-07-15,76,56,11,0.14473684210526316
2024-07-15,76,57,11,0.14473684210526316
2024-07-15,76,58,11,0.14473684210526316
2024-07-15,76,59,11,0.14473684210526316
2024-07-15,76,60,10,0.13157894736842105
2024-07-22,79,0,79,1.0
2024-07-22,79,1,60,0.759493670886076
2024-07-22,79,2,60,0.759493670886076
2024-07-22,79,3,57,0.7215189873417721
2024-07-22,79,4,54,0.6835443037974683
2024-07-22,79,5,53,0.6708860759493671
2024-07-22,79,6,50,0.6329113924050633
2024-07-22,79,7,48,0.6075949367088608
2024-07-22,79,8,45,0.569620253164557
2024-07-22,79,9,43,0.5443037974683544
2024-07-22,79,10,42,0.5316455696202531
2024-07-22,79,11,41,0.5189873417721519
2024-07-22,79,12,39,0.4936708860759494
2024-07-22,79,13,38,0.4810126582278481
2024-07-22,79,14,38,0.4810126582278481
2024-07-22,79,15,37,0.46835443037974683
2024-07-22,79,16,36,0.45569620253164556
2024-07-22,79,17,34,0.43037974683544306
2024-07-22,79,18,34,0.43037974683544306
2024-07-22,79,19,32,0.4050632911392405
2024-07-22,79,20,31,0.3924050632911392
2024-07-22,79,21,31,0.3924050632911392
2024-07-22,79,22,31,0.3924050632911392
2024-07-22,79,23,31,0.3924050632911392
2024-07-22,79,24,30,0.379746835443038
2024-07-22,79,25,29,0.3670886075949367
2024-07-22,79,26,28,0.35443037974683544
2024-07-22,79,27,28,0.35443037974683544
2024-07-22,79,28,26,0.3291139240506329
2024-07-22,79,29,25,0.31645569620253167
2024-07-22,79,30,25,0.31645569620253167
2024-07-22,79,31,24,0.3037974683544304
2024-07-22,79,32,24,0.3037974683544304
2024-07-22,79,33,22,0.27848101265822783
2024-07-22,79,34,20,0.25316455696202533
2024-07-22,79,35,20,0.25316455696202533
2024-07-22,79,36,19,0.24050632911392406
2024-07-22,79,37,19,0.24050632911392406
2024-07-22,79,38,18,0.22784810126582278
2024-07-22,79,39,18,0.22784810126582278
2024-07-22,79,40,18,0.22784810126582278
2024-07-22,79,41,18,0.22784810126582278
2024-07-22,79,42,17,0.21518987341772153
2024-07-22,79,43,16,0.20253164556962025
2024-07-22,79,44,15,0.189873417721519
2024-07-22,79,45,14,0.17721518987341772
2024-07-22,79,46,14,0.17721518987341772
2024-07-22,79,47,14,0.17721518987341772
2024-07-22,79,48,14,0.17721518987341772
2024-07-22,79,49,14,0.17721518987341772
2024-07-22,79,50,13,0.16455696202531644
2024-07-22,79,51,13,0.16455696202531644
2024-07-22,79,52,12,0.1518987341772152
2024-07-22,79,53,12,0.1518987341772152
2024-07-22,79,54,12,0.1518987341772152
2024-07-22,79,55,12,0.1518987341772152
2024-07-22,79,56,12,0.1518987341772152
2024-07-22,79,57,12,0.1518987341772152
2024-07-22,79,58,12,0.1518987341772152
2024-07-22,79,59,12,0.1518987341772152
2024-07-22,79,60,12,0.1518987341772152
2024-07-29,86,0,86,1.0
2024-07-29,86,1,69,0.8023255813953488
2024-07-29,86,2,69,0.8023255813953488
2024-07-29,86,3,68,0.7906976744186046
2024-07-29,86,4,67,0.7790697674418605
2024-07-29,86,5,65,0.7558139534883721
2024-07-29,86,6,62,0.7209302325581395
2024-07-29,86,7,60,0.6976744186046512
2024-07-29,86,8,57,0.6627906976744186
2024-07-29,86,9,54,0.627906976744186
2024-07-29,86,10,53,0.6162790697674418
2024-07-29,86,11,51,0.5930232558139535
2024-07-29,86,12,51,0.5930232558139535
2024-07-29,86,13,50,0.5813953488372093
2024-07-29,86,14,49,0.5697674418604651
2024-07-29,86,15,49,0.5697674418604651
2024-07-29,86,16,48,0.5581395348837209
2024-07-29,86,17,46,0.5348837209302325
2024-07-29,86,18,46,0.5348837209302325
2024-07-29,86,19,46,0.5348837209302325
2024-07-29,86,20,44,0.5116279069767442
2024-07-29,86,21,44,0.5116279069767442
2024-07-29,86,22,43,0.5
2024-07-29,86,23,41,0.47674418604651164
2024-07-29,86,24,41,0.47674418604651164
2024-07-29,86,25,40,0.46511627906976744
2024-07-29,86,26,40,0.46511627906976744
2024-07-29,86,27,40,0.46511627906976744
2024-07-29,86,28,40,0.46511627906976744
2024-07-29,86,29,38,0.4418604651162791
2024-07-29,86,30,38,0.4418604651162791
2024-07-29,86,31,37,0.43023255813953487
2024-07-29,86,32,36,0.4186046511627907
2024-07-29,86,33,35,0.4069767441860465
2024-07-29,86,34,34,0.3953488372093023
2024-07-29,86,35,33,0.38372093023255816
2024-07-29,86,36,33,0.38372093023255816
2024-07-29,86,37,33,0.38372093023255816
2024-07-29,86,38,31,0.36046511627906974
2024-07-29,86,39,29,0.3372093023255814
2024-07-29,86,40,29,0.3372093023255814
2024-07-29,86,41,29,0.3372093023255814
2024-07-29,86,42,29,0.3372093023255814
2024-07-29,86,43,29,0.3372093023255814
2024-07-29,86,44,28,0.32558139534883723
2024-07-29,86,45,28,0.32558139534883723
2024-07-29,86,46,28,0.32558139534883723
2024-07-29,86,47,27,0.313953488372093
2024-07-29,86,48,26,0.3023255813953488
2024-07-29,86,49,26,0.3023255813953488
2024-07-29,86,50,25,0.29069767441860467
2024-07-29,86,51,25,0.29069767441860467
2024-07-29,86,52,25,0.29069767441860467
2024-07-29,86,53,24,0.27906976744186046
2024-07-29,86,54,23,0.26744186046511625
2024-07-29,86,55,21,0.2441860465116279
2024-07-29,86,56,19,0.22093023255813954
2024-07-29,86,57,19,0.22093023255813954
2024-07-29,86,58,19,0.22093023255813954
2024-07-29,86,59,19,0.22093023255813954
2024-07-29,86,60,19,0.22093023255813954
2024-08-05,83,0,83,1.0
2024-08-05,83,1,70,0.8433734939759037
2024-08-05,83,2,68,0.8192771084337349
2024-08-05,83,3,64,0.7710843373493976
2024-08-05,83,4,63,0.7590361445783133
2024-08-05,83,5,63,0.7590361445783133
2024-08-05,83,6,61,0.7349397590361446
2024-08-05,83,7,59,0.7108433734939759
2024-08-05,83,8,57,0.6867469879518072
2024-08-05,83,9,55,0.6626506024096386
2024-08-05,83,10,54,0.6506024096385542
2024-08-05,83,11,54,0.6506024096385542
2024-08-05,83,12,54,0.6506024096385542
2024-08-05,83,13,53,0.6385542168674698
2024-08-05,83,14,52,0.6265060240963856
2024-08-05,83,15,52,0.6265060240963856
2024-08-05,83,16,52,0.6265060240963856
2024-08-05,83,17,50,0.6024096385542169
2024-08-05,83,18,49,0.5903614457831325
2024-08-05,83,19,49,0.5903614457831325
2024-08-05,83,20,47,0.5662650602409639
2024-08-05,83,21,47,0.5662650602409639
2024-08-05,83,22,47,0.5662650602409639
2024-08-05,83,23,44,0.5301204819277109
2024-08-05,83,24,44,0.5301204819277109
2024-08-05,83,25,43,0.5180722891566265
2024-08-05,83,26,40,0.4819277108433735
2024-08-05,83,27,39,0.46987951807228917
2024-08-05,83,28,39,0.46987951807228917
2024-08-05,83,29,39,0.46987951807228917
2024-08-05,83,30,39,0.46987951807228917
2024-08-05,83,31,39,0.46987951807228917
2024-08-05,83,32,39,0.46987951807228917
2024-08-05,83,33,38,0.4578313253012048
2024-08-05,83,34,36,0.43373493975903615
2024-08-05,83,35,35,0.42168674698795183
2024-08-05,83,36,34,0.40963855421686746
2024-08-05,83,37,34,0.40963855421686746
2024-08-05,83,38,34,0.40963855421686746
2024-08-05,83,39,34,0.40963855421686746
2024-08-05,83,40,31,0.37349397590361444
2024-08-05,83,41,30,0.3614457831325301
2024-08-05,83,42,30,0.3614457831325301
2024-08-05,83,43,28,0.3373493975903614
2024-08-05,83,44,28,0.3373493975903614
2024-08-05,83,45,28,0.3373493975903614
2024-08-05,83,46,27,0.3253012048192771
2024-08-05,83,47,25,0.30120481927710846
2024-08-05,83,48,25,0.30120481927710846
2024-08-05,83,49,25,0.30120481927710846
2024-08-05,83,50,25,0.30120481927710846
2024-08-05,83,51,22,0.26506024096385544
2024-08-05,83,52,20,0.24096385542168675
2024-08-05,83,53,20,0.24096385542168675
2024-08-05,83,54,18,0.21686746987951808
2024-08-05,83,55,17,0.20481927710843373
2024-08-05,83,56,15,0.18072289156626506
2024-08-05,83,57,14,0.1686746987951807
2024-08-05,83,58,14,0.1686746987951807
2024-08-05,83,59,13,0.1566265060240964
2024-08-05,83,60,13,0.1566265060240964
2024-08-12,92,0,92,1.0
2024-08-12,92,1,79,0.8586956521739131
2024-08-12,92,2,78,0.8478260869565217
2024-08-12,92,3,75,0.8152173913043478
2024-08-12,92,4,73,0.7934782608695652
2024-08-12,92,5,70,0.7608695652173914
2024-08-12,92,6,66,0.717391304347826
2024-08-12,92,7,65,0.7065217391304348
2024-08-12,92,8,62,0.6739130434782609
2024-08-12,92,9,60,0.6521739130434783
2024-08-12,92,10,56,0.6086956521739131
2024-08-12,92,11,56,0.6086956521739131
2024-08-12,92,12,54,0.5869565217391305
2024-08-12,92,13,52,0.5652173913043478
2024-08-12,92,14,51,0.5543478260869565
2024-08-12,92,15,51,0.5543478260869565
2024-08-12,92,16,49,0.532608695652174
2024-08-12,92,17,47,0.5108695652173914
2024-08-12,92,18,42,0.45652173913043476
2024-08-12,92,19,42,0.45652173913043476
2024-08-12,92,20,41,0.44565217391304346
2024-08-12,92,21,40,0.43478260869565216
2024-08-12,92,22,40,0.43478260869565216
2024-08-12,92,23,40,0.43478260869565216
2024-08-12,92,24,38,0.41304347826086957
2024-08-12,92,25,38,0.41304347826086957
2024-08-12,92,26,38,0.41304347826086957
2024-08-12,92,27,36,0.391304347826087
2024-08-12,92,28,36,0.391304347826087
2024-08-12,92,29,36,0.391304347826087
2024-08-12,92,30,32,0.34782608695652173
2024-08-12,92,31,32,0.34782608695652173
2024-08-12,92,32,31,0.33695652173913043
2024-08-12,92,33,31,0.33695652173913043
2024-08-12,92,34,30,0.32608695652173914
2024-08-12,92,35,30,0.32608695652173914
2024-08-12,92,36,30,0.32608695652173914
2024-08-12,92,37,29,0.31521739130434784
2024-08-12,92,38,26,0.2826086956521739
2024-08-12,92,39,26,0.2826086956521739
2024-08-12,92,40,25,0.2717391304347826
2024-08-12,92,41,24,0.2608695652173913
2024-08-12,92,42,24,0.2608695652173913
2024-08-12,92,43,23,0.25
2024-08-12,92,44,23,0.25
2024-08-12,92,45,23,0.25
2024-08-12,92,46,22,0.2391304347826087
2024-08-12,92,47,22,0.2391304347826087
2024-08-12,92,48,22,0.2391304347826087
2024-08-12,92,49,21,0.22826086956521738
2024-08-12,92,50,21,0.22826086956521738
2024-08-12,92,51,19,0.20652173913043478
2024-08-12,92,52,19,0.20652173913043478
2024-08-12,92,53,19,0.20652173913043478
2024-08-12,92,54,19,0.20652173913043478
2024-08-12,92,55,18,0.1956521739130435
2024-08-12,92,56,17,0.18478260869565216
2024-08-12,92,57,17,0.18478260869565216
2024-08-12,92,58,16,0.17391304347826086
2024-08-12,92,59,16,0.17391304347826086
2024-08-12,92,60,16,0.17391304347826086
2024-08-19,86,0,86,1.0
2024-08-19,86,1,66,0.7674418604651163
2024-08-19,86,2,64,0.7441860465116279
2024-08-19,86,3,63,0.7325581395348837
2024-08-19,86,4,62,0.7209302325581395
2024-08-19,86,5,60,0.6976744186046512
2024-08-19,86,6,59,0.686046511627907
2024-08-19,86,7,59,0.686046511627907
2024-08-19,86,8,57,0.6627906976744186
2024-08-19,86,9,56,0.6511627906976745
2024-08-19,86,10,56,0.6511627906976745
2024-08-19,86,11,56,0.6511627906976745
2024-08-19,86,12,54,0.627906976744186
2024-08-19,86,13,52,0.6046511627906976
2024-08-19,86,14,52,0.6046511627906976
2024-08-19,86,15,51,0.5930232558139535
2024-08-19,86,16,51,0.5930232558139535
2024-08-19,86,17,51,0.5930232558139535
2024-08-19,86,18,51,0.5930232558139535
2024-08-19,86,19,50,0.5813953488372093
2024-08-19,86,20,50,0.5813953488372093
2024-08-19,86,21,50,0.5813953488372093
2024-08-19,86,22,50,0.5813953488372093
2024-08-19,86,23,50,0.5813953488372093
2024-08-19,86,24,49,0.5697674418604651
2024-08-19,86,25,47,0.5465116279069767
2024-08-19,86,26,46,0.5348837209302325
2024-08-19,86,27,43,0.5
2024-08-19,86,28,42,0.4883720930232558
2024-08-19,86,29,38,0.4418604651162791
2024-08-19,86,30,38,0.4418604651162791
2024-08-19,86,31,38,0.4418604651162791
2024-08-19,86,32,38,0.4418604651162791
2024-08-19,86,33,37,0.43023255813953487
2024-08-19,86,34,34,0.3953488372093023
2024-08-19,86,35,32,0.37209302325581395
2024-08-19,86,36,31,0.36046511627906974
2024-08-19,86,37,31,0.36046511627906974
2024-08-19,86,38,31,0.36046511627906974
2024-08-19,86,39,31,0.36046511627906974
2024-08-19,86,40,31,0.36046511627906974
2024-08-19,86,41,29,0.3372093023255814
2024-08-19,86,42,29,0.3372093023255814
2024-08-19,86,43,29,0.3372093023255814
2024-08-19,86,44,28,0.32558139534883723
2024-08-19,86,45,28,0.32558139534883723
2024-08-19,86,46,28,0.32558139534883723
2024-08-19,86,47,27,0.313953488372093
2024-08-19,86,48,26,0.3023255813953488
2024-08-19,86,49,25,0.29069767441860467
2024-08-19,86,50,24,0.27906976744186046
2024-08-19,86,51,23,0.26744186046511625
2024-08-19,86,52,23,0.26744186046511625
2024-08-19,86,53,23,0.26744186046511625
2024-08-19,86,54,23,0.26744186046511625
2024-08-19,86,55,23,0.26744186046511625
2024-08-19,86,56,23,0.26744186046511625
2024-08-19,86,57,23,0.26744186046511625
2024-08-19,86,58,23,0.26744186046511625
2024-08-19,86,59,23,0.26744186046511625
2024-08-19,86,60,23,0.26744186046511625
2024-08-26,106,0,106,1.0
2024-08-26,106,1,93,0.8773584905660378
2024-08-26,106,2,88,0.8301886792452831
2024-08-26,106,3,86,0.8113207547169812
2024-08-26,106,4,83,0.7830188679245284
2024-08-26,106,5,80,0.7547169811320755
2024-08-26,106,6,80,0.7547169811320755
2024-08-26,106,7,78,0.7358490566037735
2024-08-26,106,8,76,0.7169811320754716
2024-08-26,106,9,71,0.6698113207547169
2024-08-26,106,10,69,0.6509433962264151
2024-08-26,106,11,65,0.6132075471698113
2024-08-26,106,12,64,0.6037735849056604
2024-08-26,106,13,64,0.6037735849056604
2024-08-26,106,14,64,0.6037735849056604
2024-08-26,106,15,62,0.5849056603773585
2024-08-26,106,16,59,0.5566037735849056
2024-08-26,106,17,59,0.5566037735849056
2024-08-26,106,18,57,0.5377358490566038
2024-08-26,106,19,56,0.5283018867924528
2024-08-26,106,20,55,0.5188679245283019
2024-08-26,106,21,54,0.5094339622641509
2024-08-26,106,22,52,0.49056603773584906
2024-08-26,106,23,51,0.4811320754716981
2024-08-26,106,24,51,0.4811320754716981
2024-08-26,106,25,50,0.4716981132075472
2024-08-26,106,26,49,0.46226415094339623
2024-08-26,106,27,46,0.4339622641509434
2024-08-26,106,28,45,0.42452830188679247
2024-08-26,106,29,45,0.42452830188679247
2024-08-26,106,30,43,0.4056603773584906
2024-08-26,106,31,42,0.39622641509433965
2024-08-26,106,32,41,0.3867924528301887
2024-08-26,106,33,41,0.3867924528301887
2024-08-26,106,34,39,0.36792452830188677
2024-08-26,106,35,39,0.36792452830188677
2024-08-26,106,36,38,0.3584905660377358
2024-08-26,106,37,36,0.33962264150943394
2024-08-26,106,38,35,0.330188679245283
2024-08-26,106,39,35,0.330188679245283
2024-08-26,106,40,33,0.3113207547169811
2024-08-26,106,41,32,0.3018867924528302
2024-08-26,106,42,32,0.3018867924528302
2024-08-26,106,43,31,0.29245283018867924
2024-08-26,106,44,29,0.27358490566037735
2024-08-26,106,45,29,0.27358490566037735
2024-08-26,106,46,28,0.2641509433962264
2024-08-26,106,47,27,0.25471698113207547
2024-08-26,106,48,26,0.24528301886792453
2024-08-26,106,49,25,0.2358490566037736
2024-08-26,106,50,25,0.2358490566037736
2024-08-26,106,51,24,0.22641509433962265
2024-08-26,106,52,24,0.22641509433962265
2024-08-26,106,53,23,0.2169811320754717
2024-08-26,106,54,22,0.20754716981132076
2024-08-26,106,55,22,0.20754716981132076
2024-08-26,106,56,22,0.20754716981132076
2024-08-26,106,57,22,0.20754716981132076
2024-08-26,106,58,22,0.20754716981132076
2024-08-26,106,59,22,0.20754716981132076
2024-08-26,106,60,22,0.20754716981132076
2024-09-02,80,0,80,1.0
2024-09-02,80,1,62,0.775
2024-09-02,80,2,62,0.775
2024-09-02,80,3,61,0.7625
2024-09-02,80,4,61,0.7625
2024-09-02,80,5,61,0.7625
2024-09-02,80,6,59,0.7375
2024-09-02,80,7,57,0.7125
2024-09-02,80,8,55,0.6875
2024-09-02,80,9,51,0.6375
2024-09-02,80,10,51,0.6375
2024-09-02,80,11,50,0.625
2024-09-02,80,12,49,0.6125
2024-09-02,80,13,49,0.6125
2024-09-02,80,14,49,0.6125
2024-09-02,80,15,47,0.5875
2024-09-02,80,16,46,0.575
2024-09-02,80,17,46,0.575
2024-09-02,80,18,44,0.55
2024-09-02,80,19,42,0.525
2024-09-02,80,20,42,0.525
2024-09-02,80,21,40,0.5
2024-09-02,80,22,39,0.4875
2024-09-02,80,23,38,0.475
2024-09-02,80,24,38,0.475
2024-09-02,80,25,37,0.4625
2024-09-02,80,26,36,0.45
2024-09-02,80,27,34,0.425
2024-09-02,80,28,34,0.425
2024-09-02,80,29,32,0.4
2024-09-02,80,30,29,0.3625
2024-09-02,80,31,29,0.3625
2024-09-02,80,32,28,0.35
2024-09-02,80,33,27,0.3375
2024-09-02,80,34,27,0.3375
2024-09-02,80,35,25,0.3125
2024-09-02,80,36,24,0.3
2024-09-02,80,37,24,0.3
2024-09-02,80,38,22,0.275
2024-09-02,80,39,22,0.275
2024-09-02,80,40,22,0.275
2024-09-02,80,41,20,0.25
2024-09-02,80,42,18,0.225
2024-09-02,80,43,18,0.225
2024-09-02,80,44,17,0.2125
2024-09-02,80,45,16,0.2
2024-09-02,80,46,16,0.2
2024-09-02,80,47,16,0.2
2024-09-02,80,48,16,0.2
2024-09-02,80,49,16,0.2
2024-09-02,80,50,16,0.2
2024-09-02,80,51,16,0.2
2024-09-02,80,52,15,0.1875
2024-09-02,80,53,13,0.1625
2024-09-02,80,54,12,0.15
2024-09-02,80,55,12,0.15
2024-09-02,80,56,11,0.1375
2024-09-02,80,57,11,0.1375
2024-09-02,80,58,11,0.1375
2024-09-02,80,59,10,0.125
2024-09-02,80,60,10,0.125
2024-09-09,78,0,78,1.0
2024-09-09,78,1,61,0.782051282051282
2024-09-09,78,2,58,0.7435897435897436
2024-09-09,78,3,58,0.7435897435897436
2024-09-09,78,4,54,0.6923076923076923
2024-09-09,78,5,54,0.6923076923076923
2024-09-09,78,6,52,0.6666666666666666
2024-09-09,78,7,50,0.6410256410256411
2024-09-09,78,8,50,0.6410256410256411
2024-09-09,78,9,47,0.6025641025641025
2024-09-09,78,10,47,0.6025641025641025
2024-09-09,78,11,47,0.6025641025641025
2024-09-09,78,12,47,0.6025641025641025
2024-09-09,78,13,46,0.5897435897435898
2024-09-09,78,14,45,0.5769230769230769
2024-09-09,78,15,42,0.5384615384615384
2024-09-09,78,16,41,0.5256410256410257
2024-09-09,78,17,41,0.5256410256410257
2024-09-09,78,18,38,0.48717948717948717
2024-09-09,78,19,38,0.48717948717948717
2024-09-09,78,20,37,0.47435897435897434
2024-09-09,78,21,37,0.47435897435897434
2024-09-09,78,22,36,0.46153846153846156
2024-09-09,78,23,36,0.46153846153846156
2024-09-09,78,24,36,0.46153846153846156
2024-09-09,78,25,35,0.44871794871794873
2024-09-09,78,26,34,0.4358974358974359
2024-09-09,78,27,33,0.4230769230769231
2024-09-09,78,28,33,0.4230769230769231
2024-09-09,78,29,32,0.41025641025641024
2024-09-09,78,30,32,0.41025641025641024
2024-09-09,78,31,30,0.38461538461538464
2024-09-09,78,32,29,0.3717948717948718
2024-09-09,78,33,29,0.3717948717948718
2024-09-09,78,34,28,0.358974358974359
2024-09-09,78,35,28,0.358974358974359
2024-09-09,78,36,25,0.32051282051282054
2024-09-09,78,37,25,0.32051282051282054
2024-09-09,78,38,25,0.32051282051282054
2024-09-09,78,39,24,0.3076923076923077
2024-09-09,78,40,24,0.3076923076923077
2024-09-09,78,41,24,0.3076923076923077
2024-09-09,78,42,24,0.3076923076923077
2024-09-09,78,43,23,0.2948717948717949
2024-09-09,78,44,23,0.2948717948717949
2024-09-09,78,45,23,0.2948717948717949
2024-09-09,78,46,23,0.2948717948717949
2024-09-09,78,47,23,0.2948717948717949
2024-09-09,78,48,22,0.28205128205128205
2024-09-09,78,49,22,0.28205128205128205
2024-09-09,78,50,21,0.2692307692307692
2024-09-09,78,51,21,0.2692307692307692
2024-09-09,78,52,21,0.2692307692307692
2024-09-09,78,53,19,0.24358974358974358
2024-09-09,78,54,19,0.24358974358974358
2024-09-09,78,55,19,0.24358974358974358
2024-09-09,78,56,18,0.23076923076923078
2024-09-09,78,57,18,0.23076923076923078
2024-09-09,78,58,18,0.23076923076923078
2024-09-09,78,59,16,0.20512820512820512
2024-09-09,78,60,15,0.19230769230769232
2024-09-16,85,0,85,1.0
2024-09-16,85,1,71,0.8352941176470589
2024-09-16,85,2,68,0.8
2024-09-16,85,3,66,0.7764705882352941
2024-09-16,85,4,64,0.7529411764705882
2024-09-16,85,5,61,0.7176470588235294
2024-09-16,85,6,59,0.6941176470588235
2024-09-16,85,7,58,0.6823529411764706
2024-09-16,85,8,56,0.6588235294117647
2024-09-16,85,9,54,0.6352941176470588
2024-09-16,85,10,53,0.6235294117647059
2024-09-16,85,11,50,0.5882352941176471
2024-09-16,85,12,49,0.5764705882352941
2024-09-16,85,13,47,0.5529411764705883
2024-09-16,85,14,45,0.5294117647058824
2024-09-16,85,15,45,0.5294117647058824
2024-09-16,85,16,45,0.5294117647058824
2024-09-16,85,17,43,0.5058823529411764
2024-09-16,85,18,41,0.4823529411764706
2024-09-16,85,19,40,0.47058823529411764
2024-09-16,85,20,39,0.4588235294117647
2024-09-16,85,21,38,0.4470588235294118
2024-09-16,85,22,35,0.4117647058823529
2024-09-16,85,23,34,0.4
2024-09-16,85,24,34,0.4
2024-09-16,85,25,34,0.4
2024-09-16,85,26,34,0.4
2024-09-16,85,27,34,0.4
2024-09-16,85,28,34,0.4
2024-09-16,85,29,32,0.3764705882352941
2024-09-16,85,30,32,0.3764705882352941
2024-09-16,85,31,32,0.3764705882352941
2024-09-16,85,32,32,0.3764705882352941
2024-09-16,85,33,31,0.36470588235294116
2024-09-16,85,34,31,0.36470588235294116
2024-09-16,85,35,30,0.35294117647058826
2024-09-16,85,36,30,0.35294117647058826
2024-09-16,85,37,29,0.3411764705882353
2024-09-16,85,38,29,0.3411764705882353
2024-09-16,85,39,28,0.32941176470588235
2024-09-16,85,40,28,0.32941176470588235
2024-09-16,85,41,27,0.3176470588235294
2024-09-16,85,42,26,0.3058823529411765
2024-09-16,85,43,26,0.3058823529411765
2024-09-16,85,44,26,0.3058823529411765
2024-09-16,85,45,25,0.29411764705882354
2024-09-16,85,46,25,0.29411764705882354
2024-09-16,85,47,23,0.27058823529411763
2024-09-16,85,48,23,0.27058823529411763
2024-09-16,85,49,22,0.25882352941176473
2024-09-16,85,50,21,0.24705882352941178
2024-09-16,85,51,21,0.24705882352941178
2024-09-16,85,52,20,0.23529411764705882
2024-09-16,85,53,19,0.2235294117647059
2024-09-16,85,54,17,0.2
2024-09-16,85,55,17,0.2
2024-09-16,85,56,16,0.18823529411764706
2024-09-16,85,57,16,0.18823529411764706
2024-09-16,85,58,15,0.17647058823529413
2024-09-16,85,59,15,0.17647058823529413
2024-09-16,85,60,15,0.17647058823529413
2024-09-23,74,0,74,1.0
2024-09-23,74,1,65,0.8783783783783784
2024-09-23,74,2,63,0.8513513513513513
2024-09-23,74,3,60,0.8108108108108109
2024-09-23,74,4,57,0.7702702702702703
2024-09-23,74,5,57,0.7702702702702703
2024-09-23,74,6,57,0.7702702702702703
2024-09-23,74,7,55,0.7432432432432432
2024-09-23,74,8,53,0.7162162162162162
2024-09-23,74,9,51,0.6891891891891891
2024-09-23,74,10,49,0.6621621621621622
2024-09-23,74,11,48,0.6486486486486487
2024-09-23,74,12,47,0.6351351351351351
2024-09-23,74,13,45,0.6081081081081081
2024-09-23,74,14,44,0.5945945945945946
2024-09-23,74,15,43,0.581081081081081
2024-09-23,74,16,40,0.5405405405405406
2024-09-23,74,17,40,0.5405405405405406
2024-09-23,74,18,39,0.527027027027027
2024-09-23,74,19,39,0.527027027027027
2024-09-23,74,20,37,0.5
2024-09-23,74,21,36,0.4864864864864865
2024-09-23,74,22,35,0.47297297297297297
2024-09-23,74,23,33,0.44594594594594594
2024-09-23,74,24,33,0.44594594594594594
2024-09-23,74,25,33,0.44594594594594594
2024-09-23,74,26,33,0.44594594594594594
2024-09-23,74,27,33,0.44594594594594594
2024-09-23,74,28,33,0.44594594594594594
2024-09-23,74,29,33,0.44594594594594594
2024-09-23,74,30,33,0.44594594594594594
2024-09-23,74,31,30,0.40540540540540543
2024-09-23,74,32,30,0.40540540540540543
2024-09-23,74,33,28,0.3783783783783784
2024-09-23,74,34,27,0.36486486486486486
2024-09-23,74,35,27,0.36486486486486486
2024-09-23,74,36,26,0.35135135135135137
2024-09-23,74,37,25,0.33783783783783783
2024-09-23,74,38,25,0.33783783783783783
2024-09-23,74,39,22,0.2972972972972973
2024-09-23,74,40,22,0.2972972972972973
2024-09-23,74,41,22,0.2972972972972973
2024-09-23,74,42,21,0.28378378378378377
2024-09-23,74,43,21,0.28378378378378377
2024-09-23,74,44,21,0.28378378378378377
2024-09-23,74,45,20,0.2702702702702703
2024-09-23,74,46,19,0.25675675675675674
2024-09-23,74,47,19,0.25675675675675674
2024-09-23,74,48,19,0.25675675675675674
2024-09-23,74,49,19,0.25675675675675674
2024-09-23,74,50,19,0.25675675675675674
2024-09-23,74,51,19,0.25675675675675674
2024-09-23,74,52,17,0.22972972972972974
2024-09-23,74,53,16,0.21621621621621623
2024-09-23,74,54,15,0.20270270270270271
2024-09-23,74,55,15,0.20270270270270271
2024-09-23,74,56,15,0.20270270270270271
2024-09-23,74,57,15,0.20270270270270271
2024-09-23,74,58,15,0.20270270270270271
2024-09-23,74,59,14,0.1891891891891892
2024-09-23,74,60,14,0.1891891891891892
2024-09-30,78,0,78,1.0
2024-09-30,78,1,69,0.8846153846153846
2024-09-30,78,2,68,0.8717948717948718
2024-09-30,78,3,65,0.8333333333333334
2024-09-30,78,4,62,0.7948717948717948
2024-09-30,78,5,62,0.7948717948717948
2024-09-30,78,6,60,0.7692307692307693
2024-09-30,78,7,59,0.7564102564102564
2024-09-30,78,8,57,0.7307692307692307
2024-09-30,78,9,55,0.7051282051282052
2024-09-30,78,10,54,0.6923076923076923
2024-09-30,78,11,53,0.6794871794871795
2024-09-30,78,12,53,0.6794871794871795
2024-09-30,78,13,53,0.6794871794871795
2024-09-30,78,14,51,0.6538461538461539
2024-09-30,78,15,48,0.6153846153846154
2024-09-30,78,16,47,0.6025641025641025
2024-09-30,78,17,45,0.5769230769230769
2024-09-30,78,18,45,0.5769230769230769
2024-09-30,78,19,41,0.5256410256410257
2024-09-30,78,20,39,0.5
2024-09-30,78,21,39,0.5
2024-09-30,78,22,39,0.5
2024-09-30,78,23,37,0.47435897435897434
2024-09-30,78,24,36,0.46153846153846156
2024-09-30,78,25,35,0.44871794871794873
2024-09-30,78,26,34,0.4358974358974359
2024-09-30,78,27,34,0.4358974358974359
2024-09-30,78,28,34,0.4358974358974359
2024-09-30,78,29,34,0.4358974358974359
2024-09-30,78,30,31,0.3974358974358974
2024-09-30,78,31,31,0.3974358974358974
2024-09-30,78,32,31,0.3974358974358974
2024-09-30,78,33,31,0.3974358974358974
2024-09-30,78,34,30,0.38461538461538464
2024-09-30,78,35,30,0.38461538461538464
2024-09-30,78,36,30,0.38461538461538464
2024-09-30,78,37,29,0.3717948717948718
2024-09-30,78,38,28,0.358974358974359
2024-09-30,78,39,28,0.358974358974359
2024-09-30,78,40,28,0.358974358974359
2024-09-30,78,41,28,0.358974358974359
2024-09-30,78,42,22,0.28205128205128205
2024-09-30,78,43,21,0.2692307692307692
2024-09-30,78,44,21,0.2692307692307692
2024-09-30,78,45,20,0.2564102564102564
2024-09-30,78,46,19,0.24358974358974358
2024-09-30,78,47,18,0.23076923076923078
2024-09-30,78,48,18,0.23076923076923078
2024-09-30,78,49,18,0.23076923076923078
2024-09-30,78,50,17,0.21794871794871795
2024-09-30,78,51,17,0.21794871794871795
2024-09-30,78,52,17,0.21794871794871795
2024-09-30,78,53,17,0.21794871794871795
2024-09-30,78,54,17,0.21794871794871795
2024-09-30,78,55,16,0.20512820512820512
2024-09-30,78,56,16,0.20512820512820512
2024-09-30,78,57,16,0.20512820512820512
2024-09-30,78,58,16,0.20512820512820512
2024-09-30,78,59,15,0.19230769230769232
2024-09-30,78,60,15,0.19230769230769232
2024-10-07,73,0,73,1.0
2024-10-07,73,1,59,0.8082191780821918
2024-10-07,73,2,58,0.7945205479452054
2024-10-07,73,3,57,0.7808219178082192
2024-10-07,73,4,56,0.7671232876712328
2024-10-07,73,5,56,0.7671232876712328
2024-10-07,73,6,53,0.726027397260274
2024-10-07,73,7,51,0.6986301369863014
2024-10-07,73,8,50,0.684931506849315
2024-10-07,73,9,49,0.6712328767123288
2024-10-07,73,10,47,0.6438356164383562
2024-10-07,73,11,47,0.6438356164383562
2024-10-07,73,12,47,0.6438356164383562
2024-10-07,73,13,46,0.6301369863013698
2024-10-07,73,14,46,0.6301369863013698
2024-10-07,73,15,45,0.6164383561643836
2024-10-07,73,16,45,0.6164383561643836
2024-10-07,73,17,44,0.6027397260273972
2024-10-07,73,18,42,0.5753424657534246
2024-10-07,73,19,41,0.5616438356164384
2024-10-07,73,20,39,0.5342465753424658
2024-10-07,73,21,38,0.5205479452054794
2024-10-07,73,22,38,0.5205479452054794
2024-10-07,73,23,38,0.5205479452054794
2024-10-07,73,24,38,0.5205479452054794
2024-10-07,73,25,37,0.5068493150684932
2024-10-07,73,26,37,0.5068493150684932
2024-10-07,73,27,37,0.5068493150684932
2024-10-07,73,28,36,0.4931506849315068
2024-10-07,73,29,36,0.4931506849315068
2024-10-07,73,30,36,0.4931506849315068
2024-10-07,73,31,36,0.4931506849315068
2024-10-07,73,32,35,0.4794520547945205
2024-10-07,73,33,34,0.4657534246575342
2024-10-07,73,34,32,0.4383561643835616
2024-10-07,73,35,31,0.4246575342465753
2024-10-07,73,36,31,0.4246575342465753
2024-10-07,73,37,31,0.4246575342465753
2024-10-07,73,38,30,0.410958904109589
2024-10-07,73,39,30,0.410958904109589
2024-10-07,73,40,30,0.410958904109589
2024-10-07,73,41,30,0.410958904109589
2024-10-07,73,42,30,0.410958904109589
2024-10-07,73,43,29,0.3972602739726027
2024-10-07,73,44,29,0.3972602739726027
2024-10-07,73,45,29,0.3972602739726027
2024-10-07,73,46,28,0.3835616438356164
2024-10-07,73,47,28,0.3835616438356164
2024-10-07,73,48,28,0.3835616438356164
2024-10-07,73,49,28,0.3835616438356164
2024-10-07,73,50,26,0.3561643835616438
2024-10-07,73,51,26,0.3561643835616438
2024-10-07,73,52,26,0.3561643835616438
2024-10-07,73,53,24,0.3287671232876712
2024-10-07,73,54,24,0.3287671232876712
2024-10-07,73,55,23,0.3150684931506849
2024-10-07,73,56,23,0.3150684931506849
2024-10-07,73,57,22,0.3013698630136986
2024-10-07,73,58,22,0.3013698630136986
2024-10-07,73,59,21,0.2876712328767123
2024-10-07,73,60,21,0.2876712328767123
2024-10-14,84,0,84,1.0
2024-10-14,84,1,64,0.7619047619047619
2024-10-14,84,2,62,0.7380952380952381
2024-10-14,84,3,61,0.7261904761904762
2024-10-14,84,4,61,0.7261904761904762
2024-10-14,84,5,58,0.6904761904761905
2024-10-14,84,6,57,0.6785714285714286
2024-10-14,84,7,56,0.6666666666666666
2024-10-14,84,8,56,0.6666666666666666
2024-10-14,84,9,55,0.6547619047619048
2024-10-14,84,10,55,0.6547619047619048
2024-10-14,84,11,55,0.6547619047619048
2024-10-14,84,12,54,0.6428571428571429
2024-10-14,84,13,52,0.6190476190476191
2024-10-14,84,14,52,0.6190476190476191
2024-10-14,84,15,50,0.5952380952380952
2024-10-14,84,16,48,0.5714285714285714
2024-10-14,84,17,46,0.5476190476190477
2024-10-14,84,18,46,0.5476190476190477
2024-10-14,84,19,46,0.5476190476190477
2024-10-14,84,20,44,0.5238095238095238
2024-10-14,84,21,44,0.5238095238095238
2024-10-14,84,22,39,0.4642857142857143
2024-10-14,84,23,38,0.4523809523809524
2024-10-14,84,24,36,0.42857142857142855
2024-10-14,84,25,34,0.40476190476190477
2024-10-14,84,26,34,0.40476190476190477
2024-10-14,84,27,32,0.38095238095238093
2024-10-14,84,28,31,0.36904761904761907
2024-10-14,84,29,31,0.36904761904761907
2024-10-14,84,30,31,0.36904761904761907
2024-10-14,84,31,31,0.36904761904761907
2024-10-14,84,32,30,0.35714285714285715
2024-10-14,84,33,30,0.35714285714285715
2024-10-14,84,34,29,0.34523809523809523
2024-10-14,84,35,29,0.34523809523809523
2024-10-14,84,36,27,0.32142857142857145
2024-10-14,84,37,26,0.30952380952380953
2024-10-14,84,38,26,0.30952380952380953
2024-10-14,84,39,25,0.2976190476190476
2024-10-14,84,40,24,0.2857142857142857
2024-10-14,84,41,20,0.23809523809523808
2024-10-14,84,42,19,0.2261904761904762
2024-10-14,84,43,18,0.21428571428571427
2024-10-14,84,44,17,0.20238095238095238
2024-10-14,84,45,17,0.20238095238095238
2024-10-14,84,46,17,0.20238095238095238
2024-10-14,84,47,17,0.20238095238095238
2024-10-14,84,48,15,0.17857142857142858
2024-10-14,84,49,14,0.16666666666666666
2024-10-14,84,50,12,0.14285714285714285
2024-10-14,84,51,12,0.14285714285714285
2024-10-14,84,52,12,0.14285714285714285
2024-10-14,84,53,11,0.13095238095238096
2024-10-14,84,54,10,0.11904761904761904
2024-10-14,84,55,10,0.11904761904761904
2024-10-14,84,56,10,0.11904761904761904
2024-10-14,84,57,10,0.11904761904761904
2024-10-14,84,58,10,0.11904761904761904
2024-10-14,84,59,10,0.11904761904761904
2024-10-14,84,60,10,0.11904761904761904
2024-10-21,78,0,78,1.0
2024-10-21,78,1,67,0.8589743589743589
2024-10-21,78,2,65,0.8333333333333334
2024-10-21,78,3,64,0.8205128205128205
2024-10-21,78,4,64,0.8205128205128205
2024-10-21,78,5,62,0.7948717948717948
2024-10-21,78,6,61,0.782051282051282
2024-10-21,78,7,60,0.7692307692307693
2024-10-21,78,8,56,0.717948717948718
2024-10-21,78,9,55,0.7051282051282052
2024-10-21,78,10,54,0.6923076923076923
2024-10-21,78,11,53,0.6794871794871795
2024-10-21,78,12,52,0.6666666666666666
2024-10-21,78,13,52,0.6666666666666666
2024-10-21,78,14,51,0.6538461538461539
2024-10-21,78,15,51,0.6538461538461539
2024-10-21,78,16,50,0.6410256410256411
2024-10-21,78,17,49,0.6282051282051282
2024-10-21,78,18,49,0.6282051282051282
2024-10-21,78,19,48,0.6153846153846154
2024-10-21,78,20,47,0.6025641025641025
2024-10-21,78,21,47,0.6025641025641025
2024-10-21,78,22,46,0.5897435897435898
2024-10-21,78,23,46,0.5897435897435898
2024-10-21,78,24,43,0.5512820512820513
2024-10-21,78,25,42,0.5384615384615384
2024-10-21,78,26,40,0.5128205128205128
2024-10-21,78,27,40,0.5128205128205128
2024-10-21,78,28,36,0.46153846153846156
2024-10-21,78,29,36,0.46153846153846156
2024-10-21,78,30,35,0.44871794871794873
2024-10-21,78,31,35,0.44871794871794873
2024-10-21,78,32,35,0.44871794871794873
2024-10-21,78,33,35,0.44871794871794873
2024-10-21,78,34,33,0.4230769230769231
2024-10-21,78,35,33,0.4230769230769231
2024-10-21,78,36,33,0.4230769230769231
2024-10-21,78,37,32,0.41025641025641024
2024-10-21,78,38,31,0.3974358974358974
2024-10-21,78,39,31,0.3974358974358974
2024-10-21,78,40,29,0.3717948717948718
2024-10-21,78,41,29,0.3717948717948718
2024-10-21,78,42,29,0.3717948717948718
2024-10-21,78,43,28,0.358974358974359
2024-10-21,78,44,28,0.358974358974359
2024-10-21,78,45,28,0.358974358974359
2024-10-21,78,46,27,0.34615384615384615
2024-10-21,78,47,26,0.3333333333333333
2024-10-21,78,48,25,0.32051282051282054
2024-10-21,78,49,24,0.3076923076923077
2024-10-21,78,50,24,0.3076923076923077
2024-10-21,78,51,24,0.3076923076923077
2024-10-21,78,52,21,0.2692307692307692
2024-10-21,78,53,20,0.2564102564102564
2024-10-21,78,54,20,0.2564102564102564
2024-10-21,78,55,20,0.2564102564102564
2024-10-21,78,56,19,0.24358974358974358
2024-10-21,78,57,18,0.23076923076923078
2024-10-21,78,58,18,0.23076923076923078
2024-10-21,78,59,17,0.21794871794871795
2024-10-21,78,60,17,0.21794871794871795
2024-10-28,78,0,78,1.0
2024-10-28,78,1,67,0.8589743589743589
2024-10-28,78,2,64,0.8205128205128205
2024-10-28,78,3,59,0.7564102564102564
2024-10-28,78,4,58,0.7435897435897436
2024-10-28,78,5,56,0.717948717948718
2024-10-28,78,6,50,0.6410256410256411
2024-10-28,78,7,49,0.6282051282051282
2024-10-28,78,8,46,0.5897435897435898
2024-10-28,78,9,45,0.5769230769230769
2024-10-28,78,10,44,0.5641025641025641
2024-10-28,78,11,42,0.5384615384615384
2024-10-28,78,12,41,0.5256410256410257
2024-10-28,78,13,40,0.5128205128205128
2024-10-28,78,14,40,0.5128205128205128
2024-10-28,78,15,38,0.48717948717948717
2024-10-28,78,16,37,0.47435897435897434
2024-10-28,78,17,35,0.44871794871794873
2024-10-28,78,18,33,0.4230769230769231
2024-10-28,78,19,32,0.41025641025641024
2024-10-28,78,20,30,0.38461538461538464
2024-10-28,78,21,27,0.34615384615384615
2024-10-28,78,22,26,0.3333333333333333
2024-10-28,78,23,25,0.32051282051282054
2024-10-28,78,24,25,0.32051282051282054
2024-10-28,78,25,24,0.3076923076923077
2024-10-28,78,26,23,0.2948717948717949
2024-10-28,78,27,20,0.2564102564102564
2024-10-28,78,28,19,0.24358974358974358
2024-10-28,78,29,18,0.23076923076923078
2024-10-28,78,30,18,0.23076923076923078
2024-10-28,78,31,18,0.23076923076923078
2024-10-28,78,32,18,0.23076923076923078
2024-10-28,78,33,17,0.21794871794871795
2024-10-28,78,34,16,0.20512820512820512
2024-10-28,78,35,15,0.19230769230769232
2024-10-28,78,36,14,0.1794871794871795
2024-10-28,78,37,14,0.1794871794871795
2024-10-28,78,38,13,0.16666666666666666
2024-10-28,78,39,12,0.15384615384615385
2024-10-28,78,40,12,0.15384615384615385
2024-10-28,78,41,11,0.14102564102564102
2024-10-28,78,42,11,0.14102564102564102
2024-10-28,78,43,11,0.14102564102564102
2024-10-28,78,44,11,0.14102564102564102
2024-10-28,78,45,11,0.14102564102564102
2024-10-28,78,46,10,0.1282051282051282
2024-10-28,78,47,9,0.11538461538461539
2024-10-28,78,48,9,0.11538461538461539
2024-10-28,78,49,8,0.10256410256410256
2024-10-28,78,50,8,0.10256410256410256
2024-10-28,78,51,8,0.10256410256410256
2024-10-28,78,52,7,0.08974358974358974
2024-10-28,78,53,6,0.07692307692307693
2024-10-28,78,54,6,0.07692307692307693
2024-10-28,78,55,5,0.0641025641025641
2024-10-28,78,56,4,0.05128205128205128
2024-10-28,78,57,4,0.05128205128205128
2024-10-28,78,58,2,0.02564102564102564
2024-10-28,66,59,1,0.015151515151515152
2024-10-28,56,60,1,0.017857142857142856
2024-11-04,81,0,81,1.0
2024-11-04,81,1,76,0.9382716049382716
2024-11-04,81,2,74,0.9135802469135802
2024-11-04,81,3,72,0.8888888888888888
2024-11-04,81,4,70,0.8641975308641975
2024-11-04,81,5,67,0.8271604938271605
2024-11-04,81,6,66,0.8148148148148148
2024-11-04,81,7,64,0.7901234567901234
2024-11-04,81,8,64,0.7901234567901234
2024-11-04,81,9,62,0.7654320987654321
2024-11-04,81,10,57,0.7037037037037037
2024-11-04,81,11,56,0.691358024691358
2024-11-04,81,12,56,0.691358024691358
2024-11-04,81,13,53,0.654320987654321
2024-11-04,81,14,53,0.654320987654321
2024-11-04,81,15,50,0.6172839506172839
2024-11-04,81,16,49,0.6049382716049383
2024-11-04,81,17,48,0.5925925925925926
2024-11-04,81,18,46,0.5679012345679012
2024-11-04,81,19,44,0.5432098765432098
2024-11-04,81,20,44,0.5432098765432098
2024-11-04,81,21,41,0.5061728395061729
2024-11-04,81,22,40,0.49382716049382713
2024-11-04,81,23,39,0.48148148148148145
2024-11-04,81,24,37,0.4567901234567901
2024-11-04,81,25,36,0.4444444444444444
2024-11-04,81,26,36,0.4444444444444444
2024-11-04,81,27,36,0.4444444444444444
2024-11-04,81,28,34,0.41975308641975306
2024-11-04,81,29,33,0.4074074074074074
2024-11-04,81,30,31,0.38271604938271603
2024-11-04,81,31,30,0.37037037037037035
2024-11-04,81,32,28,0.345679012345679
2024-11-04,81,33,27,0.3333333333333333
2024-11-04,81,34,27,0.3333333333333333
2024-11-04,81,35,26,0.32098765432098764
2024-11-04,81,36,24,0.2962962962962963
2024-11-04,81,37,21,0.25925925925925924
2024-11-04,81,38,20,0.24691358024691357
2024-11-04,81,39,18,0.2222222222222222
2024-11-04,81,40,17,0.20987654320987653
2024-11-04,81,41,17,0.20987654320987653
2024-11-04,81,42,15,0.18518518518518517
2024-11-04,81,43,14,0.1728395061728395
2024-11-04,81,44,13,0.16049382716049382
2024-11-04,81,45,13,0.16049382716049382
2024-11-04,81,46,12,0.14814814814814814
2024-11-04,81,47,10,0.12345679012345678
2024-11-04,81,48,6,0.07407407407407407
2024-11-04,81,49,5,0.06172839506172839
2024-11-04,81,50,2,0.024691358024691357
2024-11-04,81,51,2,0.024691358024691357
2024-11-04,70,52,1,0.014285714285714285
2024-11-04,61,53,1,0.01639344262295082
2024-11-04,45,54,0,0.0
2024-11-04,34,55,0,0.0
2024-11-04,26,56,0,0.0
2024-11-04,17,57,0,0.0
2024-11-11,89,0,89,1.0
2024-11-11,89,1,70,0.7865168539325843
2024-11-11,89,2,68,0.7640449438202247
2024-11-11,89,3,64,0.7191011235955056
2024-11-11,89,4,63,0.7078651685393258
2024-11-11,89,5,62,0.6966292134831461
2024-11-11,89,6,60,0.6741573033707865
2024-11-11,89,7,57,0.6404494382022472
2024-11-11,89,8,56,0.6292134831460674
2024-11-11,89,9,55,0.6179775280898876
2024-11-11,89,10,55,0.6179775280898876
2024-11-11,89,11,54,0.6067415730337079
2024-11-11,89,12,54,0.6067415730337079
2024-11-11,89,13,52,0.5842696629213483
2024-11-11,89,14,51,0.5730337078651685
2024-11-11,89,15,47,0.5280898876404494
2024-11-11,89,16,45,0.5056179775280899
2024-11-11,89,17,45,0.5056179775280899
2024-11-11,89,18,45,0.5056179775280899
2024-11-11,89,19,45,0.5056179775280899
2024-11-11,89,20,44,0.4943820224719101
2024-11-11,89,21,42,0.47191011235955055
2024-11-11,89,22,40,0.449438202247191
2024-11-11,89,23,40,0.449438202247191
2024-11-11,89,24,40,0.449438202247191
2024-11-11,89,25,39,0.43820224719101125
2024-11-11,89,26,37,0.4157303370786517
2024-11-11,89,27,37,0.4157303370786517
2024-11-11,89,28,36,0.4044943820224719
2024-11-11,89,29,36,0.4044943820224719
2024-11-11,89,30,34,0.38202247191011235
2024-11-11,89,31,33,0.3707865168539326
2024-11-11,89,32,30,0.33707865168539325
2024-11-11,89,33,26,0.29213483146067415
2024-11-11,89,34,24,0.2696629213483146
2024-11-11,89,35,22,0.24719101123595505
2024-11-11,89,36,20,0.2247191011235955
2024-11-11,89,37,18,0.20224719101123595
2024-11-11,89,38,15,0.16853932584269662
2024-11-11,89,39,14,0.15730337078651685
2024-11-11,89,40,13,0.14606741573033707
2024-11-11,89,41,11,0.12359550561797752
2024-11-11,89,42,10,0.11235955056179775
2024-11-11,89,43,8,0.0898876404494382
2024-11-11,89,44,7,0.07865168539325842
2024-11-11,76,45,4,0.05263157894736842
2024-11-11,67,46,2,0.029850746268656716
2024-11-11,48,47,1,0.020833333333333332
2024-11-11,38,48,0,0.0
2024-11-11,28,49,0,0.0
2024-11-11,15,50,0,0.0
2024-11-18,71,0,71,1.0
2024-11-18,71,1,60,0.8450704225352113
2024-11-18,71,2,60,0.8450704225352113
2024-11-18,71,3,58,0.8169014084507042
2024-11-18,71,4,57,0.8028169014084507
2024-11-18,71,5,56,0.7887323943661971
2024-11-18,71,6,52,0.7323943661971831
2024-11-18,71,7,52,0.7323943661971831
2024-11-18,71,8,51,0.7183098591549296
2024-11-18,71,9,49,0.6901408450704225
2024-11-18,71,10,48,0.676056338028169
2024-11-18,71,11,46,0.647887323943662
2024-11-18,71,12,45,0.6338028169014085
2024-11-18,71,13,43,0.6056338028169014
2024-11-18,71,14,38,0.5352112676056338
2024-11-18,71,15,37,0.5211267605633803
2024-11-18,71,16,37,0.5211267605633803
2024-11-18,71,17,37,0.5211267605633803
2024-11-18,71,18,34,0.4788732394366197
2024-11-18,71,19,32,0.4507042253521127
2024-11-18,71,20,32,0.4507042253521127
2024-11-18,71,21,32,0.4507042253521127
2024-11-18,71,22,29,0.4084507042253521
2024-11-18,71,23,29,0.4084507042253521
2024-11-18,71,24,28,0.39436619718309857
2024-11-18,71,25,26,0.36619718309859156
2024-11-18,71,26,25,0.352112676056338
2024-11-18,71,27,24,0.3380281690140845
2024-11-18,71,28,21,0.29577464788732394
2024-11-18,71,29,21,0.29577464788732394
2024-11-18,71,30,21,0.29577464788732394
2024-11-18,71,31,21,0.29577464788732394
2024-11-18,71,32,20,0.28169014084507044
2024-11-18,71,33,20,0.28169014084507044
2024-11-18,71,34,18,0.2535211267605634
2024-11-18,71,35,16,0.22535211267605634
2024-11-18,71,36,13,0.18309859154929578
2024-11-18,71,37,12,0.16901408450704225
2024-11-18,63,38,10,0.15873015873015872
2024-11-18,57,39,8,0.14035087719298245
2024-11-18,47,40,4,0.0851063829787234
2024-11-18,40,41,3,0.075
2024-11-18,25,42,3,0.12
2024-11-18,11,43,1,0.09090909090909091
2024-11-25,39,0,39,1.0
2024-11-25,39,1,33,0.8461538461538461
2024-11-25,39,2,32,0.8205128205128205
2024-11-25,39,3,30,0.7692307692307693
2024-11-25,39,4,28,0.717948717948718
2024-11-25,39,5,28,0.717948717948718
2024-11-25,39,6,27,0.6923076923076923
2024-11-25,39,7,27,0.6923076923076923
2024-11-25,39,8,26,0.6666666666666666
2024-11-25,39,9,24,0.6153846153846154
2024-11-25,39,10,24,0.6153846153846154
2024-11-25,39,11,23,0.5897435897435898
2024-11-25,39,12,21,0.5384615384615384
2024-11-25,39,13,21,0.5384615384615384
2024-11-25,39,14,20,0.5128205128205128
2024-11-25,39,15,17,0.4358974358974359
2024-11-25,39,16,16,0.41025641025641024
2024-11-25,39,17,16,0.41025641025641024
2024-11-25,39,18,15,0.38461538461538464
2024-11-25,39,19,15,0.38461538461538464
2024-11-25,39,20,15,0.38461538461538464
2024-11-25,39,21,14,0.358974358974359
2024-11-25,39,22,14,0.358974358974359
2024-11-25,39,23,12,0.3076923076923077
2024-11-25,39,24,12,0.3076923076923077
2024-11-25,39,25,10,0.2564102564102564
2024-11-25,39,26,9,0.23076923076923078
2024-11-25,39,27,8,0.20512820512820512
2024-11-25,39,28,4,0.10256410256410256
2024-11-25,39,29,3,0.07692307692307693
2024-11-25,39,30,2,0.05128205128205128
2024-11-25,34,31,2,0.058823529411764705
2024-11-25,28,32,1,0.03571428571428571
2024-11-25,20,33,1,0.05
2024-11-25,16,34,1,0.0625
2024-11-25,14,35,1,0.07142857142857142
2024-11-25,8,36,0,0.0
2024-12-02,4,0,4,1.0
2024-12-02,4,1,3,0.75
2024-12-02,4,2,3,0.75
2024-12-02,4,3,3,0.75
2024-12-02,4,4,3,0.75
2024-12-02,4,5,3,0.75
2024-12-02,4,6,3,0.75
2024-12-02,4,7,3,0.75
2024-12-02,4,8,3,0.75
2024-12-02,4,9,3,0.75
2024-12-02,4,10,3,0.75
2024-12-02,4,11,3,0.75
2024-12-02,4,12,2,0.5
2024-12-02,4,13,2,0.5
2024-12-02,4,14,1,0.25
2024-12-02,4,15,1,0.25
2024-12-02,4,16,1,0.25
2024-12-02,4,17,1,0.25
2024-12-02,4,18,1,0.25
2024-12-02,4,19,1,0.25
2024-12-02,4,20,1,0.25
2024-12-02,4,21,1,0.25
2024-12-02,4,22,1,0.25
2024-12-02,4,23,1,0.25
2024-12-02,4,24,1,0.25
2024-12-02,4,25,1,0.25
2024-12-02,4,26,1,0.25
2024-12-02,4,27,0,0.0
2024-12-02,3,28,0,0.0
